GPS, 16273600, 45.801708, 9.095341
ACC, 16274018, -1532, -536, 14632, -5744, 20, 24
ACC, 16274022, -1660, -544, 14732, -5712, 3, 22
ACC, 16274047, -1624, -460, 14764, -5712, -14, 58
ACC, 16274095, -1660, -540, 14592, -5744, 1, 58
ACC, 16274141, -1716, -548, 14644, -5728, -4, 90
ACC, 16274187, -1628, -544, 14680, -5680, -1, 92
ACC, 16274234, -1628, -528, 14696, -5696, 12, 47
ACC, 16274281, -1580, -520, 14676, -5712, 3, 59
ACC, 16274326, -1708, -552, 14604, -5712, 20, 60
ACC, 16274374, -1604, -540, 14640, -5712, -33, 56
ACC, 16274426, -1628, -452, 14728, -5696, -8, 68
ACC, 16274469, -1580, -468, 14532, -5744, 9, 82
ACC, 16274514, -1552, -496, 14636, -5712, 7, 51
GPS, 16273700, 45.801708, 9.095341
ACC, 16274759, -1628, -516, 14708, -5728, -16, 52
ACC, 16274858, -1636, -508, 14740, -5728, 6, 75
ACC, 16274955, -1640, -564, 14684, -5728, -17, 71
ACC, 16275005, -1656, -596, 14564, -5712, -35, 112
ACC, 16275011, -1704, -552, 14628, -5696, 10, 90
ACC, 16275048, -1788, -480, 14636, -5744, -42, 89
ACC, 16275096, -1652, -584, 14664, -5696, 50, 177
ACC, 16275167, -1512, -452, 14536, -5712, 187, 470
ACC, 16275193, -1632, -404, 14780, -5712, 217, 476
ACC, 16275242, -1396, -636, 14700, -5728, 283, -167
ACC, 16275292, -1624, -664, 14812, -5728, 369, -249
ACC, 16275341, -1528, -552, 14280, -5728, 297, -61
ACC, 16275390, -1488, -540, 14792, -5712, 270, 376
ACC, 16275440, -2300, -256, 14672, -5696, -25, 376
ACC, 16275488, -2336, -468, 15724, -5728, -347, 173
GPS, 16273800, 45.801708, 9.095341
ACC, 16275741, -892, -664, 15116, -5728, 3790, 1939
ACC, 16275872, -1736, 64, 16396, -5728, 261, -1507
ACC, 16275974, 16, -240, 15408, -5728, 2086, -3591
ACC, 16276007, -204, 272, 15920, -5680, 1446, -3819
ACC, 16276023, 768, 224, 15384, -5712, 1232, -3659
ACC, 16276072, 1048, 224, 14648, -5712, 946, -3060
ACC, 16276122, 876, 104, 14264, -5696, 753, -2524
ACC, 16276169, 1352, 608, 13348, -5712, 1178, -2427
ACC, 16276219, 644, 1188, 13676, -5680, 2271, -1968
ACC, 16276269, 812, 1684, 13368, -5664, 2606, -1009
ACC, 16276322, 496, 2052, 14308, -5712, 1784, 522
ACC, 16276366, -264, 2764, 16036, -5696, 1381, 1767
ACC, 16276416, -892, 3024, 16588, -5728, 540, 2186
ACC, 16276466, -1148, 2380, 17548, -5680, 35, 1625
ACC, 16276514, -1120, 1388, 18044, -5728, 11, 559
GPS, 16273900, 45.801712, 9.095342
ACC, 16276761, -704, 796, 15896, -5680, 662, -817
ACC, 16276862, 136, 1288, 13128, -5712, -324, -1929
ACC, 16276965, 964, 1512, 10700, -5712, -954, -1941
ACC, 16277012, 1220, 1520, 11512, -5680, -1495, -2299
ACC, 16277018, 1136, 1640, 11528, -5680, -1522, -2236
ACC, 16277074, 1140, 1524, 12652, -5760, -1297, -1229
ACC, 16277122, 1120, 1100, 12608, -5712, -1283, -592
ACC, 16277172, 1204, 784, 13748, -5696, -889, -1098
ACC, 16277222, 1996, 848, 13428, -5728, -1267, -1672
ACC, 16277274, 2344, 360, 13824, -5696, -1614, -2813
ACC, 16277325, 1764, 332, 14896, -5712, -1667, -2596
ACC, 16277375, 1272, 132, 15520, -5712, -2307, -1871
ACC, 16277426, 220, 276, 16392, -5744, -2561, 50
ACC, 16277473, 0, -1072, 15204, -5696, -1734, 881
ACC, 16277524, -336, -1708, 14424, -5744, -1405, -109
ACC, 16277672, 540, -748, 13188, -5712, 837, 661
GPS, 16274000, 45.801715, 9.095348
ACC, 16277881, 2300, -60, 14688, -5712, 157, -203
ACC, 16277982, 1548, -96, 16316, -5760, -651, -2201
ACC, 16278018, 972, 424, 17672, -5712, -1084, -1811
ACC, 16278032, -340, 684, 19212, -5728, -1067, -1225
ACC, 16278084, 1052, 452, 16348, -5696, -536, -1343
ACC, 16278133, 592, 1128, 16212, -5712, 441, -1228
ACC, 16278182, 2344, 876, 14480, -5728, 621, -1814
ACC, 16278235, 2348, 376, 13964, -5712, -56, -1505
ACC, 16278280, 3008, 44, 11896, -5712, -857, -1915
ACC, 16278328, 2276, 760, 13816, -5728, -1540, -2282
ACC, 16278379, 3632, 100, 13124, -5744, -1758, -1397
ACC, 16278431, 3592, -4, 14548, -5696, -1516, -1736
ACC, 16278481, 3760, 160, 14864, -5696, -1652, -1059
ACC, 16278531, 2660, -112, 16860, -5728, -1022, -1969
ACC, 16278682, 2012, -1980, 16284, -5728, 37, -905
GPS, 16274100, 45.801719, 9.095360
ACC, 16278890, 2968, -556, 10700, -5744, 1770, 280
ACC, 16279032, 3220, -636, 11944, -5712, -1613, -455
ACC, 16279047, 3880, -780, 12460, -5728, -2007, -451
ACC, 16279096, 4604, -1236, 15136, -5744, -3195, 213
ACC, 16279146, 4908, -264, 17092, -5744, -699, 1752
ACC, 16279197, 2300, 452, 19720, -5760, 2046, 2633
ACC, 16279246, 2560, 1388, 15856, -5712, 3561, 792
ACC, 16279295, 2148, 1828, 15956, -5744, 1666, -931
ACC, 16279344, 3276, 1060, 14808, -5696, -1701, 275
ACC, 16279394, 3340, 280, 12564, -5744, -1197, 1134
ACC, 16279444, 4168, -1668, 12360, -5744, -1418, 1599
ACC, 16279501, 4580, -676, 13604, -5728, -443, -208
GPS, 16274200, 45.801719, 9.095375
ACC, 16279751, 4564, -64, 16124, -5744, -1479, -366
ACC, 16279852, 2928, 676, 15420, -5744, 383, 326
ACC, 16279952, 612, -200, 15944, -5760, 841, -1370
ACC, 16280019, 2392, 792, 11516, -5776, 19, -559
ACC, 16280024, 2740, 916, 11096, -5712, -44, -378
ACC, 16280051, 3516, 1128, 11192, -5776, -90, 1059
ACC, 16280100, 3472, 1728, 12268, -5760, -156, 2460
ACC, 16280150, 3460, 712, 11124, -5760, 645, 3702
ACC, 16280203, 3016, 864, 12312, -5728, 539, 4800
ACC, 16280245, 2968, 140, 14332, -5744, -530, 3262
ACC, 16280294, 3812, -216, 15632, -5744, -1362, 2425
ACC, 16280346, 3288, -8, 17252, -5744, -2600, -107
ACC, 16280394, 2240, -220, 18396, -5728, -2787, -1174
ACC, 16280446, 24, 792, 18300, -5744, -2099, -1295
ACC, 16280495, 856, 720, 15636, -5744, -1206, -2629
GPS, 16274300, 45.801723, 9.095389
ACC, 16280744, 4104, -1264, 10404, -5776, 1670, 511
ACC, 16280846, 5348, -312, 12972, -5744, 1078, -1906
ACC, 16280979, 8772, 1692, 12284, -5760, 629, -984
ACC, 16281020, 5600, -480, 15116, -5760, 941, 1114
ACC, 16281028, 5492, 356, 16036, -5776, 1111, 1932
ACC, 16281076, 24728, 6324, 20640, -5776, -2037, 546
ACC, 16281127, 3044, 884, 16148, -5744, 467, 2544
ACC, 16281175, 3708, 424, 13144, -5744, -95, 1348
ACC, 16281223, 1048, 212, 14868, -5760, 260, 1843
ACC, 16281270, 1856, 280, 12916, -5744, -1015, 2777
ACC, 16281320, 1344, 576, 12416, -5712, -1274, 3789
ACC, 16281371, 2008, 172, 11844, -5776, -826, 3211
ACC, 16281423, 3104, -968, 11552, -5776, 442, 2470
ACC, 16281468, 2796, -1188, 13592, -5712, 642, 2739
ACC, 16281518, 4052, -1104, 13564, -5776, 499, 1451
GPS, 16274400, 45.801723, 9.095401
ACC, 16281768, 1020, 1820, 18868, -5776, 2671, 1057
ACC, 16281871, 20, 1192, 14316, -5744, -492, -625
ACC, 16281972, 2956, 248, 12304, -5744, -889, 2484
ACC, 16282021, 2260, 280, 12184, -5776, -385, 2357
ACC, 16282026, 2272, 388, 12512, -5728, -310, 2347
ACC, 16282069, 1752, 976, 13564, -5744, 43, 1114
ACC, 16282120, 2452, 1072, 14116, -5776, -23, -1072
ACC, 16282166, 3016, 660, 15316, -5760, -1089, -2219
ACC, 16282217, 2976, 256, 15652, -5760, -2145, -1767
ACC, 16282268, 3280, -592, 16132, -5776, -2294, -638
ACC, 16282319, 1340, -448, 18176, -5744, -1217, 2358
ACC, 16282370, 1596, 156, 17384, -5776, 57, 2671
ACC, 16282416, -496, 280, 17224, -5776, -263, 1430
ACC, 16282465, -740, -380, 15032, -5776, -63, 1054
ACC, 16282514, 1812, -396, 11676, -5760, 282, 693
GPS, 16274500, 45.801727, 9.095417
ACC, 16282783, 3264, -1416, 15672, -5744, -267, -2589
ACC, 16282888, 2888, 456, 17764, -5776, 2171, 807
ACC, 16282990, 1428, 1260, 15196, -5776, 1174, 2536
ACC, 16283023, -284, 1800, 14748, -5792, -611, 2431
ACC, 16283041, -1096, 1928, 15440, -5744, -998, 1929
ACC, 16283092, 1552, 736, 13572, -5776, -700, 2440
ACC, 16283140, 2088, -960, 11928, -5744, -829, 1817
ACC, 16283190, 1244, -1080, 12068, -5776, -998, 773
ACC, 16283240, 1544, 92, 12868, -5776, -924, -795
ACC, 16283288, 2708, 92, 14012, -5744, -1003, -2195
ACC, 16283342, 2324, 56, 16284, -5760, -446, -2135
ACC, 16283387, 1688, 96, 17744, -5760, -1082, -1372
ACC, 16283437, 1652, -548, 18620, -5776, -1418, 1350
ACC, 16283488, -424, -264, 18520, -5776, -885, 2650
ACC, 16283537, 1772, -500, 12740, -5776, -1042, 1087
ACC, 16283688, 1972, -76, 10908, -5792, 1223, 350
GPS, 16274600, 45.801727, 9.095432
ACC, 16283895, 2880, -1800, 14900, -5808, -1250, -1728
ACC, 16284000, 2524, -1420, 16960, -5760, -146, -1765
ACC, 16284027, 3092, -584, 18436, -5792, 712, -52
ACC, 16284054, 2016, -388, 18840, -5776, 1374, 1119
ACC, 16284101, 1348, 260, 14900, -5792, 891, -1347
ACC, 16284150, 488, 1400, 15268, -5776, 984, 681
ACC, 16284196, -636, 400, 16484, -5792, 711, 1918
ACC, 16284244, 2968, -1176, 11480, -5792, -392, 3490
ACC, 16284295, 504, -884, 14628, -5824, -1793, 555
ACC, 16284343, 1744, -1260, 11860, -5776, -1606, -1331
ACC, 16284396, 1848, -932, 13892, -5792, -400, -1894
ACC, 16284448, 2624, -1572, 14328, -5760, -289, -1697
ACC, 16284504, 1724, -896, 16288, -5808, -1066, -2037
GPS, 16274700, 45.801734, 9.095448
ACC, 16284753, -516, -1928, 15520, -5776, 1006, 1386
ACC, 16285022, 900, -1552, 16480, -5808, -165, -2338
ACC, 16285029, 756, -1620, 16524, -5792, -115, -2519
ACC, 16285077, 1132, -1692, 15600, -5808, -387, -2373
ACC, 16285130, 2324, -540, 16064, -5824, 39, -1434
ACC, 16285178, 924, -680, 17600, -5792, 1003, 1898
ACC, 16285227, 2672, -148, 14068, -5776, -120, 762
ACC, 16285276, -432, -760, 16020, -5824, 488, 1684
ACC, 16285329, 1364, -1304, 14064, -5824, -134, 1948
ACC, 16285375, 976, -332, 12872, -5824, -1370, 2035
ACC, 16285426, 472, -572, 13388, -5840, -2546, 1181
ACC, 16285476, 916, -740, 14204, -5808, -3251, 478
ACC, 16285524, 1336, -188, 14440, -5808, -2200, -996
ACC, 16285674, 2036, 392, 16172, -5792, 497, 810
GPS, 16274800, 45.801731, 9.095461
ACC, 16285882, 2536, -632, 13832, -5808, -371, 1373
ACC, 16285986, 2756, -1108, 12676, -5840, -230, -652
ACC, 16286014, 2740, -1192, 14048, -5808, -153, -285
ACC, 16286044, 3256, -1068, 14712, -5824, -902, -458
ACC, 16286089, 2944, -440, 15976, -5792, -1414, -1079
ACC, 16286141, 2436, -404, 17392, -5824, -361, -1777
ACC, 16286192, 3204, -612, 16996, -5792, 1707, -2014
ACC, 16286243, 1772, -432, 17696, -5808, 4416, -1591
ACC, 16286294, 1140, 296, 15724, -5808, 4344, -2413
ACC, 16286344, 1096, 1148, 14996, -5824, 3932, -1841
ACC, 16286395, 580, 772, 15104, -5824, 2250, 1363
ACC, 16286442, 2564, 496, 11864, -5824, 584, 2596
ACC, 16286491, 1692, 680, 11464, -5808, 87, 2884
ACC, 16286580, 1616, 60, 12028, -5824, -327, 464
GPS, 16274900, 45.801731, 9.095478
ACC, 16286792, 2040, -244, 16592, -5824, -122, -916
ACC, 16286895, 912, -636, 15552, -5824, 1596, 2323
ACC, 16286996, -260, -480, 14480, -5824, 1489, 883
ACC, 16287021, 1080, -584, 13020, -5840, 1139, 2265
ACC, 16287046, 1168, -108, 12960, -5840, 863, 2053
ACC, 16287095, 1948, 256, 12160, -5824, 870, 780
ACC, 16287142, 1920, -224, 12664, -5824, 603, 258
ACC, 16287189, 2436, -840, 14112, -5872, 44, 35
ACC, 16287239, 3076, -708, 14548, -5840, -238, -1085
ACC, 16287286, 1304, -176, 16548, -5840, -3, -1982
ACC, 16287335, 1596, -440, 16524, -5840, -422, -2086
ACC, 16287386, 2388, 424, 18132, -5872, 528, -845
ACC, 16287434, 1212, 644, 18416, -5808, 2047, 1647
ACC, 16287483, 2100, 792, 14592, -5824, 1733, 18
ACC, 16287529, -1040, 1900, 16812, -5856, 2054, 1024
ACC, 16287679, 2788, 132, 10320, -5840, -2025, 625
ACC, 16287797, 3564, 356, 13120, -5856, -1555, -2286
ACC, 16287902, 1352, 100, 17100, -5840, -810, -1503
ACC, 16288021, 1096, -752, 17344, -5840, -363, 2790
ACC, 16288027, 1588, -1072, 15648, -5856, -609, 2769
ACC, 16288059, 72, -1388, 14296, -5824, 571, 4811
ACC, 16288107, -852, -1348, 13880, -5856, 1247, 1410
ACC, 16288159, 536, -956, 12208, -5872, 1978, 1599
ACC, 16288208, 1332, -916, 11508, -5840, 1685, -319
ACC, 16288257, 1260, -704, 11540, -5840, 1923, 207
ACC, 16288306, 1912, -816, 12684, -5856, 1398, -256
ACC, 16288356, 2164, -740, 15420, -5840, -419, -802
ACC, 16288406, 1460, -588, 17052, -5840, -1449, -1401
ACC, 16288480, 2032, -256, 18708, -5856, -2004, -1464
ACC, 16288510, 2440, -284, 18880, -5824, -1868, -442
GPS, 16275100, 45.801738, 9.095509
ACC, 16288762, 1472, -664, 11704, -5856, 1148, 1580
ACC, 16288864, 1660, 32, 12480, -5856, -590, -604
ACC, 16288966, 1824, -576, 16920, -5856, -1013, -2620
ACC, 16289024, 2992, -600, 17800, -5888, -156, -1669
ACC, 16289029, 2768, -696, 17780, -5856, -127, -1331
ACC, 16289071, 1284, -512, 19120, -5872, 898, 884
ACC, 16289142, 732, -724, 14804, -5872, 681, 2099
ACC, 16289166, -560, 20, 14024, -5856, 256, 1783
ACC, 16289213, -1224, -516, 14096, -5856, 797, 508
ACC, 16289263, 1252, -796, 12020, -5856, 1141, 733
ACC, 16289311, 2500, 296, 11252, -5840, 1119, -1454
ACC, 16289361, 2304, 220, 11932, -5872, 1361, -2151
ACC, 16289411, 2704, 172, 12712, -5856, 142, -1630
ACC, 16289460, 3784, -528, 13716, -5872, -1204, -2064
ACC, 16289512, 2724, 128, 16472, -5888, -1129, -3284
GPS, 16275200, 45.801746, 9.095526
ACC, 16289790, -56, 1760, 15208, -5856, 712, 934
ACC, 16289889, 2604, -432, 10752, -5872, -589, 2911
ACC, 16289993, 2176, 56, 13184, -5872, -1143, -1008
ACC, 16290030, 2888, -316, 15612, -5920, -873, -2063
ACC, 16290044, 2568, -284, 16392, -5856, -807, -2384
ACC, 16290095, 2620, 108, 17300, -5888, -25, -2057
ACC, 16290144, 3932, -272, 17936, -5856, 75, -408
ACC, 16290191, 2212, -12, 19576, -5872, 256, 2549
ACC, 16290239, 1384, -732, 15156, -5872, -339, 1776
ACC, 16290290, -1336, -112, 15372, -5840, -575, 1467
ACC, 16290345, 3896, -756, 10692, -5872, 551, -13
ACC, 16290388, -560, -172, 13544, -5872, 1249, 980
ACC, 16290437, 2588, 968, 11088, -5840, 1780, -251
ACC, 16290486, 2524, 244, 11804, -5888, 1462, -570
ACC, 16290535, 2952, 8, 13020, -5872, 421, -297
GPS, 16275300, 45.801750, 9.095543
ACC, 16290778, 3196, 924, 19248, -5872, 280, 2747
ACC, 16290878, -800, 1820, 14800, -5872, 234, 1921
ACC, 16290981, 1408, 212, 12548, -5904, -391, 1361
ACC, 16291028, 2728, -448, 10628, -5904, -655, 33
ACC, 16291037, 2552, -472, 10848, -5904, -656, -97
ACC, 16291077, 2388, -88, 12316, -5888, -578, -1018
ACC, 16291127, 2924, -364, 13296, -5888, -484, -1600
ACC, 16291177, 2564, 76, 15512, -5888, -969, -2081
ACC, 16291227, 2120, 176, 17824, -5888, -1188, -1175
ACC, 16291278, 4496, -1712, 18372, -5872, -1788, 565
ACC, 16291329, 1852, -516, 18704, -5920, -105, 1641
ACC, 16291378, 1164, -312, 13560, -5872, -403, -684
ACC, 16291428, -200, -344, 14280, -5904, -77, -1241
ACC, 16291478, 1480, -568, 13512, -5920, 257, 1032
ACC, 16291531, 3452, -136, 10536, -5888, 200, 1212
GPS, 16275400, 45.801753, 9.095557
ACC, 16291774, 2736, -580, 17884, -5920, 877, -860
ACC, 16292031, 2100, 28, 12208, -5904, -67, 1580
ACC, 16292043, 2000, -152, 12176, -5904, 130, 2052
ACC, 16292089, 2808, -840, 10292, -5920, -614, 1673
ACC, 16292139, 2052, -604, 11640, -5920, -983, 428
ACC, 16292188, 2184, -460, 13464, -5888, -203, -455
ACC, 16292238, 3012, -40, 15120, -5920, -166, -2039
ACC, 16292288, 1444, 52, 17872, -5904, -484, -1843
ACC, 16292362, 3596, -488, 17900, -5888, -1763, 164
ACC, 16292387, 2328, -200, 19272, -5872, -1706, 636
ACC, 16292437, 1460, -912, 16588, -5904, -1254, 1741
ACC, 16292488, -184, -1192, 14108, -5904, 295, 1883
ACC, 16292537, 188, -1540, 13252, -5888, 1866, -548
ACC, 16292686, 2408, -24, 11196, -5888, 250, 168
GPS, 16275500, 45.801761, 9.095570
ACC, 16292894, 3508, -916, 16788, -5920, 255, -2507
ACC, 16292997, 1608, 272, 17780, -5952, 1741, 1737
ACC, 16293024, 1936, 836, 13832, -5904, 544, 1772
ACC, 16293049, -1268, 1296, 16100, -5936, -139, 1210
ACC, 16293095, 428, 1144, 14532, -5936, -1033, 719
ACC, 16293144, 1188, 444, 13640, -5904, -538, 1881
ACC, 16293193, 2760, -428, 11580, -5920, -778, 792
ACC, 16293242, 2312, 32, 12112, -5904, -1062, -1094
ACC, 16293292, 2756, 380, 12568, -5904, -519, -1617
ACC, 16293341, 2972, 76, 14360, -5920, -705, -1702
ACC, 16293390, 2364, 228, 16076, -5936, -1018, -434
ACC, 16293440, 3716, -332, 15984, -5936, -1274, -492
ACC, 16293492, 2960, -1152, 18684, -5904, -1486, 1470
GPS, 16275600, 45.801765, 9.095583
ACC, 16293756, 2432, -560, 11064, -5872, 434, 587
ACC, 16293856, 1956, -456, 13528, -5904, 434, 771
ACC, 16293958, 1544, -236, 16748, -5920, 83, -1779
ACC, 16294021, 2744, -348, 18516, -5920, -846, -976
ACC, 16294026, 2944, -320, 18324, -5920, -727, -585
ACC, 16294058, 2952, -80, 19060, -5920, 105, 1150
ACC, 16294106, 232, 104, 17612, -5904, 922, 818
ACC, 16294152, 1452, 856, 13104, -5904, 530, 189
ACC, 16294198, -1332, 1644, 15540, -5920, 151, -660
ACC, 16294252, 2068, 824, 12744, -5936, -13, 2639
ACC, 16294297, 2668, 88, 11512, -5920, 179, 1719
ACC, 16294344, 1744, 44, 11484, -5888, -131, 231
ACC, 16294390, 1732, 308, 12708, -5904, -57, -940
ACC, 16294438, 2156, 84, 14148, -5888, -292, -1698
ACC, 16294487, 1696, 324, 16104, -5920, -353, -1716
ACC, 16294537, 2208, 372, 17820, -5936, -933, -1273
ACC, 16294685, 1440, -592, 13844, -5936, 333, -108
ACC, 16294801, 1404, -1060, 12844, -5904, 1149, 1386
ACC, 16294905, 1908, 324, 11552, -5920, 501, -595
ACC, 16295026, 2796, -924, 15996, -5888, 246, -1634
ACC, 16295031, 2512, -1092, 16472, -5920, 194, -2094
ACC, 16295064, 2312, -1464, 16972, -5904, -36, -2703
ACC, 16295115, 3060, -144, 18616, -5920, -489, -2135
ACC, 16295165, 3100, 332, 18836, -5920, 1076, 1304
ACC, 16295214, 1524, 1000, 15908, -5920, 1101, 80
ACC, 16295262, 504, 1796, 13728, -5920, 968, 586
ACC, 16295308, 408, 1564, 14468, -5904, -2, -214
ACC, 16295355, 2728, 516, 12176, -5904, -318, 2016
ACC, 16295404, 3060, 16, 11028, -5904, -355, 1175
ACC, 16295456, 2584, -12, 12032, -5936, -48, 31
ACC, 16295498, 3380, 64, 12452, -5936, -40, -765
ACC, 16295545, 3328, 432, 15744, -5952, -116, -1450
ACC, 16295692, 3164, -224, 18992, -5952, -693, 176
GPS, 16275800, 45.801769, 9.095611
ACC, 16295901, 2328, -792, 12156, -5952, 671, 2031
ACC, 16296003, 3136, 720, 11716, -5952, 1879, 651
ACC, 16296031, 3756, 172, 12416, -5952, 1265, 744
ACC, 16296049, 3640, -8, 12976, -5968, 749, 691
ACC, 16296095, 3580, -232, 14740, -5936, -335, -904
ACC, 16296149, 2204, -352, 17356, -5936, -256, -1817
ACC, 16296196, 3420, -1408, 18356, -5904, -909, -1358
ACC, 16296247, 2784, -656, 20124, -5904, 807, 2010
ACC, 16296296, 2544, -380, 14720, -5952, 1397, -490
ACC, 16296347, -236, 776, 15364, -5952, 1267, -702
ACC, 16296395, 556, 296, 14468, -5904, 471, 342
ACC, 16296441, 2748, -188, 12076, -5952, -389, 2613
ACC, 16296491, 2876, -1012, 10860, -5936, -647, 1691
ACC, 16296542, 2204, -828, 11028, -5936, -393, 373
ACC, 16296689, 2544, 64, 16828, -5904, 59, -929
ACC, 16296831, 1204, -1064, 17660, -5920, -768, 2693
ACC, 16296935, 556, -1432, 13948, -5920, -98, -954
ACC, 16297028, 2772, -640, 10904, -5920, 658, -397
ACC, 16297033, 2340, -660, 11308, -5936, 643, -414
ACC, 16297062, 1764, -852, 12052, -5936, 546, -796
ACC, 16297112, 2228, -1240, 13504, -5936, -661, -763
ACC, 16297162, 2400, -916, 15388, -5936, -1476, -2039
ACC, 16297214, 1524, -1236, 17524, -5904, -1158, -2983
ACC, 16297267, 2752, -1704, 18788, -5936, -569, -969
ACC, 16297318, 1048, -188, 19560, -5920, 1643, 1386
ACC, 16297372, 3372, 476, 13092, -5904, -162, -235
ACC, 16297417, 520, 1156, 14824, -5952, -1256, -384
ACC, 16297467, 2424, 876, 13336, -5936, -736, 1171
ACC, 16297516, 3100, -228, 10904, -5952, -188, 2224
GPS, 16280000, 45.801784, 9.095636
ACC, 16297766, 2400, -156, 18060, -5968, -369, -2124
ACC, 16297869, 840, -52, 19160, -5968, -92, 1154
ACC, 16297970, -28, -1040, 14692, -5920, 843, 770
ACC, 16298030, 2716, -692, 11316, -5920, 2613, 2024
ACC, 16298034, 2852, -528, 10844, -5920, 2473, 2031
ACC, 16298072, 3408, 48, 10276, -5936, 1356, 875
ACC, 16298114, 2848, -204, 11360, -5920, 683, 250
ACC, 16298162, 2980, -368, 12788, -5936, 50, 697
ACC, 16298209, 3104, -852, 13988, -5904, 377, 179
ACC, 16298257, 2776, -652, 15960, -5952, 119, -1074
ACC, 16298307, 2376, -1124, 17580, -5936, -369, -2661
ACC, 16298359, 4448, -788, 19068, -5920, 134, -1395
ACC, 16298409, 3300, -624, 19192, -5936, 1565, -150
ACC, 16298459, 2720, -292, 13728, -5936, 128, -1700
ACC, 16298508, 284, 372, 15396, -5936, -46, -275
GPS, 16280100, 45.801792, 9.095648
ACC, 16298781, 3420, -520, 13456, -5936, 462, -1657
ACC, 16298884, 4968, 292, 18736, -5920, -560, 1127
ACC, 16298985, 2192, -1528, 16184, -5920, -436, 2185
ACC, 16299035, -864, -1212, 13912, -5936, -654, -135
ACC, 16299040, -1120, -936, 14344, -5936, -513, -673
ACC, 16299091, 1704, -1660, 11804, -5920, 1292, -1367
ACC, 16299142, 1972, -640, 11684, -5920, 798, 90
ACC, 16299189, 2908, -848, 10628, -5936, 745, 559
ACC, 16299237, 2016, -1512, 12576, -5920, 202, 427
ACC, 16299290, 2736, -1392, 13904, -5936, -414, -440
ACC, 16299337, 2940, -552, 15968, -5952, -613, -1641
ACC, 16299388, 2600, -616, 17852, -5904, 100, -1127
ACC, 16299438, 4444, 112, 18124, -5952, 154, 393
ACC, 16299484, 1340, 804, 18564, -5936, 221, 1728
ACC, 16299532, 2884, 1872, 13632, -5952, -546, -258
GPS, 16280200, 45.801795, 9.095662
ACC, 16299781, 1944, 220, 11680, -5920, 92, -498
ACC, 16300034, 1156, 272, 17156, -5872, -1602, 1382
ACC, 16300048, 2304, 100, 14868, -5936, -1614, 691
ACC, 16300100, 448, -364, 14164, -5936, -162, 722
ACC, 16300143, 956, -1120, 13144, -5920, 984, -882
ACC, 16300192, 1884, -668, 11136, -5952, 1528, 582
ACC, 16300240, 2632, -152, 10236, -5936, 1300, -280
ACC, 16300290, 2500, -500, 11860, -5952, 625, 244
ACC, 16300338, 2884, -588, 13004, -5920, 70, 675
ACC, 16300385, 3380, -396, 14768, -5968, 7, -550
ACC, 16300431, 1784, -464, 17416, -5936, -520, -1437
ACC, 16300483, 2932, -996, 18432, -5952, -1885, -1177
ACC, 16300535, 3768, 196, 19680, -5952, 57, 1027
ACC, 16300706, 1296, 620, 13720, -5920, 131, 645
GPS, 16280300, 45.801803, 9.095672
ACC, 16300910, 3136, 168, 13728, -5936, 41, -1683
ACC, 16301010, 2540, 784, 16968, -5952, -1252, -2741
ACC, 16301035, 2996, 576, 17684, -5920, -2270, -880
ACC, 16301061, 2308, 440, 18976, -5936, -2363, 766
ACC, 16301110, 2076, -652, 16688, -5936, -1184, 96
ACC, 16301159, 700, -1344, 13468, -5952, 277, 378
ACC, 16301208, -108, -812, 13536, -5936, 2377, -1484
ACC, 16301258, 2280, -456, 12044, -5952, 1784, 490
ACC, 16301311, 2548, 452, 12440, -5936, -487, -42
ACC, 16301355, 3400, 796, 12096, -5952, -912, 78
ACC, 16301401, 2940, 348, 13068, -5936, -842, -668
ACC, 16301450, 3204, -412, 13656, -5920, -999, -662
ACC, 16301500, 2404, -52, 14820, -5920, -488, -928
ACC, 16301551, 2372, -588, 16180, -5936, 488, -1308
ACC, 16301697, 1516, 696, 17068, -5952, 2360, 843
GPS, 16280400, 45.801807, 9.095680
ACC, 16301904, 3056, -1436, 11196, -5952, -5, 1154
ACC, 16302006, 2496, -732, 13656, -5936, 157, -549
ACC, 16302039, 2116, -648, 16052, -5936, -191, -1105
ACC, 16302056, 1520, -624, 17140, -5936, -200, -1223
ACC, 16302108, 2700, -1120, 17560, -5936, -833, -1578
ACC, 16302160, 1340, -1504, 19700, -5904, -1088, 1155
ACC, 16302211, 1000, -1068, 15504, -5936, 11, 1346
ACC, 16302260, 972, -1688, 12988, -5936, 728, 340
ACC, 16302308, 164, -1080, 14308, -5936, 458, -1671
ACC, 16302358, 2044, -592, 12220, -5968, 167, 92
ACC, 16302405, 2900, -208, 11404, -5920, -272, -3
ACC, 16302453, 2564, -424, 12260, -5936, -318, -312
ACC, 16302507, 3332, -1340, 12836, -5936, 37, -748
ACC, 16302577, 3920, -1020, 14576, -5952, 1001, -2579
GPS, 16280500, 45.801815, 9.095688
ACC, 16302800, 1616, 560, 13820, -5920, -88, -1176
ACC, 16302902, 3840, -1340, 12580, -5968, -892, 2182
ACC, 16303007, 2204, -1244, 13160, -5952, -924, 171
ACC, 16303035, 2500, -944, 12896, -5936, -826, 140
ACC, 16303056, 2800, -924, 12836, -5936, -885, -151
ACC, 16303106, 2968, -172, 14640, -5936, -913, -1346
ACC, 16303156, 2192, 696, 16700, -5968, -1420, -1912
ACC, 16303211, 4188, -276, 16716, -5936, -1931, -1241
ACC, 16303260, 2300, -1220, 19360, -5936, -1539, 1196
ACC, 16303312, 1932, -1940, 15064, -5952, -2249, 1149
ACC, 16303364, -552, -1704, 14532, -5920, -1540, 305
ACC, 16303414, 704, -1900, 13712, -5936, -755, -736
ACC, 16303464, 1624, -816, 12660, -5952, -289, -145
ACC, 16303515, 2772, -636, 11632, -5952, 24, -443
GPS, 16280600, 45.801818, 9.095703
ACC, 16303764, 3568, -640, 16764, -5904, 906, -1401
ACC, 16303868, 396, 1168, 18108, -5952, 1598, -811
ACC, 16304014, 2232, -100, 12292, -5920, -1998, -116
ACC, 16304037, 2424, -868, 12592, -5968, -1856, -174
ACC, 16304067, 3000, -1216, 12300, -5952, -1782, -122
ACC, 16304119, 2740, -688, 12168, -5936, -1429, 200
ACC, 16304169, 2960, -296, 12532, -5936, -832, -122
ACC, 16304219, 3484, 512, 13876, -5936, -93, -290
ACC, 16304266, 2400, 752, 17420, -5904, -237, 243
ACC, 16304314, 3480, 84, 16640, -5936, -1187, -1259
ACC, 16304364, 2024, 188, 19568, -5920, -994, -1776
ACC, 16304418, 832, -284, 18156, -5952, -642, -716
ACC, 16304463, 1252, -1532, 13928, -5936, -2354, -1353
ACC, 16304516, -20, -2032, 14256, -5936, -2192, -2446
GPS, 16280700, 45.801815, 9.095711
ACC, 16304771, 2760, -1408, 14136, -5936, -1497, -377
ACC, 16304876, 2456, -1120, 16844, -5984, -980, -1796
ACC, 16304982, -28, 556, 17720, -5968, 898, -1985
ACC, 16305018, 1440, 556, 14520, -5968, -1208, -1430
ACC, 16305031, 560, 156, 14640, -5936, -1490, -785
ACC, 16305080, -60, -400, 15592, -5936, -1572, -754
ACC, 16305134, 1452, -1168, 13312, -5952, -1916, 380
ACC, 16305181, 1660, -956, 13092, -5952, -1794, -301
ACC, 16305232, 1308, -816, 13612, -5952, -1240, -252
ACC, 16305283, 1452, -128, 13724, -5952, -1331, 80
ACC, 16305331, 1972, 776, 14232, -5936, -1360, -76
ACC, 16305380, 2268, 1596, 14964, -5936, -1491, -479
ACC, 16305432, 1848, 1060, 15688, -5968, -2030, -1616
ACC, 16305484, 2128, 592, 16672, -5936, -2250, -2587
ACC, 16305535, 892, 120, 18016, -5952, -2499, -2287
ACC, 16305682, -1704, -1048, 15172, -5952, -3456, -3289
GPS, 16280800, 45.801811, 9.095705
ACC, 16305922, 1992, -988, 12780, -5936, -2062, 618
ACC, 16306027, 1604, 528, 15580, -5968, -922, -1965
ACC, 16306042, 1712, 948, 15868, -5952, -660, -2295
ACC, 16306090, 1192, 1264, 17540, -5920, -372, -627
ACC, 16306139, 2160, 676, 15224, -5936, -1947, -2419
ACC, 16306190, -196, 1124, 17380, -5936, -2036, 149
ACC, 16306240, 1412, 1036, 15376, -5952, -1117, 1044
ACC, 16306292, 2116, 488, 13008, -5984, -563, 1569
ACC, 16306340, 1964, 488, 13308, -5936, -514, 562
ACC, 16306392, 1908, 388, 12652, -5968, -435, 220
ACC, 16306436, 2200, 464, 12808, -5936, -552, -190
ACC, 16306484, 2708, 688, 13776, -5984, -1004, -653
ACC, 16306534, 2772, 524, 15936, -5984, -1890, -681
ACC, 16306683, 220, -604, 18672, -5936, -531, -2413
GPS, 16280900, 45.801818, 9.095700
ACC, 16306893, 1540, -1104, 13228, -5936, -320, 1096
ACC, 16306997, 2088, 144, 13460, -5952, -1675, -178
ACC, 16307016, 2912, 144, 13560, -5968, -2676, -393
ACC, 16307047, 2576, -224, 13652, -5936, -3734, -1004
ACC, 16307124, 2260, -424, 15828, -5952, -4204, -2979
ACC, 16307152, 2444, -852, 16292, -5936, -3099, -3151
ACC, 16307203, 4420, -880, 16984, -5936, -447, -2801
ACC, 16307254, 1508, -1124, 17948, -5952, 1958, 33
ACC, 16307303, 4076, -568, 13820, -5952, 20, 530
ACC, 16307349, 416, 608, 15684, -5952, -964, 1537
ACC, 16307398, 2476, 136, 13912, -6000, -1780, 3056
ACC, 16307448, 2364, -1268, 13100, -5968, -2663, 2870
ACC, 16307500, 2144, -1032, 12708, -5936, -2401, 1145
GPS, 16281000, 45.801822, 9.095698
ACC, 16307774, 4492, -1176, 15824, -5984, -1220, -1220
ACC, 16307881, 1132, -2344, 14392, -5968, -1904, 1732
ACC, 16307985, 1080, -2532, 13776, -5968, 757, -164
ACC, 16308018, 1952, -1364, 13388, -5936, 1798, 1465
ACC, 16308038, 2388, -536, 12368, -5936, 2040, 1105
ACC, 16308087, 3552, -384, 12236, -5952, 2201, 1712
ACC, 16308137, 2212, -440, 13836, -5936, 1346, 2007
ACC, 16308187, 1780, -36, 13700, -5984, 510, 140
ACC, 16308234, 424, -604, 14160, -5968, 911, -1154
ACC, 16308286, 2324, -1524, 16616, -5936, 462, -2038
ACC, 16308334, 1140, -1624, 17152, -5936, -270, -1168
ACC, 16308386, 2696, 76, 13836, -5968, -741, -2516
ACC, 16308435, 700, 1584, 16792, -5936, -1774, 483
ACC, 16308483, 1864, -812, 15056, -5952, 25, 2546
ACC, 16308531, 2536, -852, 9440, -5920, 525, 1498
GPS, 16281100, 45.801822, 9.095694
ACC, 16308779, 2360, -908, 13400, -5984, 1212, -3381
ACC, 16308883, 1348, -1036, 17136, -5952, 542, -1312
ACC, 16308987, 3324, -872, 18600, -5952, 1288, 2944
ACC, 16309028, 4660, -1228, 15424, -5968, 1539, 5749
ACC, 16309038, 3876, -1752, 15540, -5968, 1462, 4973
ACC, 16309089, 2772, -860, 12940, -5984, 1306, 2417
ACC, 16309139, 1104, -724, 12396, -5936, 391, 985
ACC, 16309188, 1932, -1092, 11552, -5968, -243, -960
ACC, 16309238, 2108, -2096, 12364, -5984, -335, -2019
ACC, 16309290, 2028, -1720, 14876, -5952, -61, -1875
ACC, 16309341, 872, -108, 17372, -5968, -124, -723
ACC, 16309390, 1308, 828, 17672, -5968, -10, 1166
ACC, 16309437, 2248, 488, 18796, -6000, 1008, 3986
ACC, 16309491, 5364, -348, 15020, -5984, -197, 4221
ACC, 16309537, 1668, 812, 15988, -5984, -690, 2583
GPS, 16281200, 45.801830, 9.095694
ACC, 16309785, 1504, -48, 12540, -5968, 351, -1024
ACC, 16309887, 1828, -880, 14764, -5936, 159, -561
ACC, 16309987, 4432, -1516, 15052, -5936, -805, 2002
ACC, 16310026, 2580, -264, 15440, -5968, -944, 642
ACC, 16310037, 2332, -44, 15728, -5952, -532, 1025
ACC, 16310087, 1968, -748, 14456, -5936, -589, 2245
ACC, 16310137, 1964, -1828, 11672, -5952, -1717, 960
ACC, 16310192, 212, -1480, 12324, -5936, -1004, -2248
ACC, 16310240, 588, -904, 14360, -5952, -1177, -2182
ACC, 16310290, 516, -512, 17432, -5968, -498, 904
ACC, 16310339, 3152, -332, 17180, -5968, -15, 871
ACC, 16310387, 2664, -388, 18808, -5952, 355, 1266
ACC, 16310435, 2072, -896, 17028, -5968, 213, 684
ACC, 16310483, 924, -396, 12672, -5936, 261, 72
ACC, 16310529, 908, -428, 9812, -5968, 670, -3728
GPS, 16281300, 45.801837, 9.095688
ACC, 16310778, 4040, -1420, 16568, -5984, 848, 1764
ACC, 16310908, 712, -1044, 11952, -5968, 406, 258
ACC, 16311008, -164, -812, 15940, -5984, -1070, -1810
ACC, 16311019, 1156, -1108, 16392, -5968, -1390, -861
ACC, 16311055, 2168, -880, 17072, -5952, -531, 683
ACC, 16311104, 3644, -36, 16716, -5952, 562, 811
ACC, 16311151, 3932, -572, 16124, -5952, 727, 385
ACC, 16311199, 1456, -164, 15368, -5936, 350, 866
ACC, 16311247, 1108, 148, 10680, -5968, 108, -207
ACC, 16311294, 1256, 48, 10316, -5968, 387, -4421
ACC, 16311342, 888, -64, 13100, -5968, 746, -5032
ACC, 16311394, 2444, -1784, 14772, -5952, 518, -876
ACC, 16311440, 4484, -2996, 15828, -5952, -1094, 2791
ACC, 16311493, 4612, -2268, 16504, -5936, -375, 3367
ACC, 16311543, 6644, -2316, 15288, -5968, 999, 3171
ACC, 16311690, 1488, -632, 11696, -5952, -536, -4534
GPS, 16281400, 45.801837, 9.095683
ACC, 16311903, 4732, -928, 16316, -5952, 1412, 2751
ACC, 16312041, 2276, -256, 11748, -5952, 2027, -6136
ACC, 16312057, 2052, -516, 13796, -5984, 2002, -5233
ACC, 16312106, 140, -1272, 18556, -5952, 337, -723
ACC, 16312159, 3532, -3096, 14920, -5936, -591, 3685
ACC, 16312205, 3300, -784, 14808, -5968, -307, 3519
ACC, 16312255, 2376, 312, 12304, -5984, -360, 3832
ACC, 16312305, 2112, 372, 10488, -5936, -2475, -789
ACC, 16312354, 32, 1332, 16452, -5936, -2717, -4230
ACC, 16312404, -256, -804, 18892, -5952, -1255, -613
ACC, 16312455, 3092, -732, 16676, -5984, 271, 2120
ACC, 16312504, 2796, -764, 16236, -5952, 775, 4688
ACC, 16312624, 516, -1076, 11788, -5936, 571, 595
GPS, 16281500, 45.801849, 9.095675
ACC, 16312837, 3456, -1124, 15788, -5968, -1468, 3398
ACC, 16312943, 1712, -512, 10628, -5952, -428, -1025
ACC, 16313021, -272, 248, 18260, -5952, -689, -2928
ACC, 16313027, -512, 172, 18484, -5936, -509, -2335
ACC, 16313058, -136, -1048, 18440, -5952, 73, -67
ACC, 16313105, 4148, -500, 14956, -5952, 1484, 1811
ACC, 16313156, 1860, 168, 16456, -5952, 1801, 3845
ACC, 16313205, 2200, -412, 12680, -5952, 1392, 5159
ACC, 16313255, 672, -708, 9768, -5952, 1035, 2474
ACC, 16313306, -700, -1176, 15664, -5984, 1526, -3730
ACC, 16313354, -1308, -1428, 20596, -5936, 1605, 1563
ACC, 16313406, 2276, -1164, 16980, -5936, -1560, -412
ACC, 16313459, 904, -1336, 18340, -5968, -2834, -299
ACC, 16313510, 1712, -1908, 17560, -5984, -1620, 1294
GPS, 16281600, 45.801853, 9.095666
ACC, 16313767, 1108, -1316, 15364, -5936, -2559, 698
ACC, 16313869, 3360, -1940, 16192, -5936, 1819, 2199
ACC, 16313974, 688, -1484, 10012, -5968, 2517, -1882
ACC, 16314012, -156, -116, 13096, -5952, 1312, -6196
ACC, 16314030, 584, -300, 14276, -5952, 1304, -5562
ACC, 16314076, 1108, -1208, 17824, -5936, 1375, -399
ACC, 16314127, 4632, -1584, 14824, -5968, -105, 2262
ACC, 16314179, 3780, -2872, 15156, -5936, -770, 5076
ACC, 16314229, 3040, -1028, 12056, -5920, -479, 5601
ACC, 16314280, -540, -16, 12688, -5984, -2332, 2157
ACC, 16314330, 260, -248, 12820, -6000, -4793, -2440
ACC, 16314381, -660, 336, 16220, -5968, -1430, -6327
ACC, 16314431, 740, -524, 19128, -5952, 1703, -1615
ACC, 16314482, 3000, 808, 17584, -5936, 1461, 1032
ACC, 16314545, 2084, -216, 16288, -5952, 250, 2394
GPS, 16281700, 45.801853, 9.095658
ACC, 16314780, 1592, -1052, 17528, -5936, -158, -933
ACC, 16314884, 1128, -1304, 15460, -5920, 98, 1732
ACC, 16314985, 1112, -488, 9372, -5936, 535, -193
ACC, 16315015, 616, -188, 11228, -5936, -1083, -4639
ACC, 16315036, 404, 308, 14316, -5936, -1766, -5538
ACC, 16315085, -220, 364, 19644, -5952, -708, -746
ACC, 16315134, 2604, -1084, 17576, -5984, -956, 1398
ACC, 16315185, 2020, -1196, 19316, -5936, 411, 2711
ACC, 16315238, 3276, -1192, 16608, -5936, 1475, 1081
ACC, 16315285, 1960, 196, 13628, -5952, 2952, 593
ACC, 16315334, 1328, -628, 11536, -5936, 2665, -578
ACC, 16315384, 544, -520, 10412, -5936, 1264, -2977
ACC, 16315434, -2004, 192, 15724, -5936, 216, -735
ACC, 16315482, 1156, -1004, 15264, -5904, -886, 534
ACC, 16315532, 1968, -1208, 16760, -5936, -179, 729
GPS, 16281800, 45.801853, 9.095649
ACC, 16315780, 616, -564, 12892, -5952, 541, -257
ACC, 16315880, 336, 708, 15136, -5936, 1, -4779
ACC, 16316007, 1744, -968, 16492, -5952, 959, 2068
ACC, 16316016, 2032, -824, 17308, -5952, 498, 2479
ACC, 16316045, 2724, -564, 16448, -5936, 297, 2147
ACC, 16316094, 3800, -276, 15900, -5904, 321, 521
ACC, 16316142, 3880, 312, 15708, -5936, 314, -1920
ACC, 16316191, 4536, 560, 14796, -5936, 1066, -3383
ACC, 16316241, 5152, -452, 15468, -5920, 492, -2842
ACC, 16316291, 3380, -960, 14100, -5936, -222, -2855
ACC, 16316341, 3016, -280, 16140, -5936, 1208, -2330
ACC, 16316392, 1328, 972, 17108, -5936, 2307, -1796
ACC, 16316466, 3508, -856, 14636, -5920, -1323, -856
ACC, 16316494, 3376, -480, 15348, -5968, 246, 1851
ACC, 16316542, 1380, 1232, 16020, -5920, 1776, 3851
ACC, 16316691, 3404, -700, 14708, -5904, 1160, 1615
GPS, 16281900, 45.801856, 9.095639
ACC, 16316899, 2992, 936, 18708, -5952, 169, 555
ACC, 16317000, -112, 1844, 13612, -5936, -705, 1213
ACC, 16317016, -136, 1972, 14224, -5936, -911, 1062
ACC, 16317047, 456, 1136, 13664, -5920, -447, 1957
ACC, 16317096, 1576, -88, 12608, -5968, 151, 3640
ACC, 16317148, 1972, 256, 11036, -5936, -150, 2938
ACC, 16317193, 1136, 752, 11756, -5952, 41, 873
ACC, 16317238, 1684, 680, 12640, -6000, 269, -336
ACC, 16317286, 2452, 76, 14000, -5936, -516, -1314
ACC, 16317336, 1684, -320, 16988, -5920, -1409, -1664
ACC, 16317388, 1484, 28, 18596, -5968, -1378, -343
ACC, 16317436, 1204, 168, 19972, -5968, -1113, 3004
ACC, 16317486, 668, -880, 17912, -5936, -902, 3913
ACC, 16317535, 924, -992, 14136, -5968, -1818, 1096
GPS, 16282000, 45.801856, 9.095619
ACC, 16317813, 1832, -1240, 12388, -5936, 558, -408
ACC, 16318039, 1188, -96, 19364, -5936, -645, -1955
ACC, 16318053, 1536, 228, 18660, -5952, -939, -1045
ACC, 16318101, 8, 1364, 16924, -5952, -1217, -37
ACC, 16318148, -224, 1880, 14416, -5936, -687, 469
ACC, 16318197, 152, 1568, 13448, -5936, -173, 1662
ACC, 16318246, 772, -12, 12124, -5984, 1099, 2960
ACC, 16318293, 1940, -480, 10388, -5968, 844, 1795
ACC, 16318342, 1560, -216, 11500, -5920, -18, -338
ACC, 16318391, 1680, 60, 12832, -5968, -451, -650
ACC, 16318443, 2136, -280, 15324, -5984, -1588, -1073
ACC, 16318492, 1532, -104, 17512, -5936, -2207, -1242
ACC, 16318543, 3052, -1252, 17520, -5952, -3387, -326
ACC, 16318695, 260, -1560, 13172, -5968, 933, 1835
GPS, 16282100, 45.801849, 9.095607
ACC, 16318901, 1492, -976, 10980, -5968, 1337, -938
ACC, 16319005, 3072, -1580, 12476, -5984, -293, -1397
ACC, 16319018, 3100, -1460, 14356, -5952, -1011, -2146
ACC, 16319055, 2344, -1300, 16888, -6000, -571, -2614
ACC, 16319112, 2244, -1920, 19252, -5936, 497, -2061
ACC, 16319157, 1816, -156, 21480, -5920, 1717, 364
ACC, 16319206, 1192, 388, 18456, -5952, 1502, -324
ACC, 16319256, 1240, 556, 14184, -5936, -211, -1760
ACC, 16319306, -2652, 864, 16912, -5968, 348, 1146
ACC, 16319354, 964, -556, 12120, -5968, 211, 4190
ACC, 16319402, 1364, -1856, 10516, -5952, -1408, 3968
ACC, 16319454, 1536, -2420, 10700, -5968, -1483, 1284
ACC, 16319506, 1976, -1172, 10644, -5936, -684, -673
ACC, 16319571, 2260, -356, 13956, -5952, 228, -2640
ACC, 16319731, 3068, -900, 19636, -5936, -405, 1003
ACC, 16319834, 432, -1136, 13932, -5984, 327, 669
ACC, 16319935, -96, -2000, 11820, -5936, 1637, 1057
ACC, 16320018, 2248, -636, 10272, -5952, 316, -760
ACC, 16320024, 2376, -720, 10464, -5968, 253, -826
ACC, 16320053, 2252, -1116, 11068, -5968, 99, -1058
ACC, 16320103, 3652, -1988, 11796, -5984, 288, -1047
ACC, 16320154, 3996, -1616, 14576, -5952, -172, -1881
ACC, 16320206, 2128, -776, 18344, -5968, 313, -2017
ACC, 16320256, 3072, -1204, 18576, -5968, 349, -1541
ACC, 16320311, 3920, 28, 20760, -5968, 1830, 432
ACC, 16320353, 248, 820, 18572, -5984, 1637, -38
ACC, 16320400, 2008, 1164, 12084, -5936, -553, -974
ACC, 16320451, -1768, 1424, 16016, -5936, 259, -311
ACC, 16320501, 1672, -352, 12144, -5952, 622, 3623
ACC, 16320549, 2872, -1092, 9944, -5936, -1458, 3945
ACC, 16320699, 2988, -444, 12904, -5952, -409, -1101
GPS, 16282300, 45.801837, 9.095587
ACC, 16320907, 24, -220, 19196, -5936, -186, 2070
ACC, 16321009, -1864, -1496, 14932, -5920, 124, -35
ACC, 16321025, 692, -1548, 12740, -5920, 2461, 493
ACC, 16321052, 1844, -1028, 11064, -5936, 2926, 1332
ACC, 16321102, 2208, -224, 10088, -5952, 1364, 1084
ACC, 16321152, 1628, -384, 11516, -5936, 281, 307
ACC, 16321200, 2068, -984, 12956, -5968, -587, -271
ACC, 16321250, 3300, -1264, 15348, -5936, -1147, -2433
ACC, 16321304, 1768, -716, 17984, -5920, -250, -4873
ACC, 16321354, 2984, -1476, 18016, -5936, 92, -3998
ACC, 16321404, 4244, 192, 20012, -5952, 2096, -1405
ACC, 16321454, 1216, 1712, 16748, -5952, 402, -885
ACC, 16321506, 1208, 2112, 13816, -5952, -721, 139
ACC, 16321551, -100, 1416, 15056, -5968, 54, 1038
ACC, 16321696, 2588, -1460, 9824, -5968, -2548, 1681
GPS, 16282400, 45.801834, 9.095581
ACC, 16321907, 4448, 360, 19396, -5936, -1656, -577
ACC, 16322008, 1208, -908, 14880, -5952, -727, 755
ACC, 16322022, 920, -1592, 11812, -5968, -1284, 590
ACC, 16322053, -1296, -1208, 14060, -5968, -293, 993
ACC, 16322103, 288, -1376, 12788, -5920, 2231, 1849
ACC, 16322153, 2496, -576, 9424, -5968, 2214, 2462
ACC, 16322207, 2240, 252, 10204, -5968, 1601, 1308
ACC, 16322252, 2396, -188, 11004, -5936, 1223, 1614
ACC, 16322301, 2884, -1176, 13028, -5936, 190, 696
ACC, 16322350, 1096, -1280, 17348, -5968, 1191, -224
ACC, 16322401, 1540, -1236, 18532, -5920, 1305, -921
ACC, 16322452, 3460, -1492, 20720, -5936, 692, 1692
ACC, 16322502, 1828, 252, 21284, -5952, 1159, 2768
ACC, 16322551, -152, 196, 14304, -5952, -608, 586
ACC, 16322696, 1520, 304, 11224, -5984, 237, 2410
ACC, 16322841, 2100, -256, 11672, -5968, -243, -1190
ACC, 16322944, 1076, 80, 19204, -5968, -554, -1851
ACC, 16323031, 708, -832, 20336, -5968, -1170, 515
ACC, 16323036, 472, -660, 20220, -5936, -817, 654
ACC, 16323065, -216, -420, 16356, -5936, -754, -640
ACC, 16323115, -104, -1916, 11856, -5968, -167, -596
ACC, 16323166, -524, -1648, 13940, -5936, 1581, -210
ACC, 16323217, 2248, -1152, 9572, -5920, 1472, 1718
ACC, 16323267, 2232, -460, 9392, -5936, 808, 1289
ACC, 16323315, 1792, -272, 11328, -5968, 248, 256
ACC, 16323366, 2672, -744, 14012, -5968, -605, -218
ACC, 16323412, 1536, -372, 16652, -5952, -192, -2077
ACC, 16323463, 1208, -868, 18492, -5952, -133, -2183
ACC, 16323514, 3228, -520, 20372, -5952, 1307, -169
ACC, 16323635, 648, 1008, 13168, -5968, 888, 111
GPS, 16282600, 45.801818, 9.095545
ACC, 16323817, 1016, -1092, 10508, -5952, -1304, 1812
ACC, 16323922, 1976, -28, 15224, -5968, 161, -2164
ACC, 16324024, 3772, 320, 19024, -5936, -606, -1757
ACC, 16324044, 1524, -632, 20656, -5920, 18, 957
ACC, 16324075, 352, -540, 19624, -5920, 64, 1241
ACC, 16324118, -12, -1040, 14632, -5968, -1500, -160
ACC, 16324170, -1124, -1480, 13404, -5952, -1079, -292
ACC, 16324223, 600, -1064, 11604, -5936, 2522, 529
ACC, 16324271, 1744, -188, 9596, -5952, 2474, 2469
ACC, 16324320, 1904, 580, 9548, -5936, 1623, 1450
ACC, 16324368, 1256, 208, 12080, -5952, 1203, 769
ACC, 16324415, 1816, -492, 14248, -5968, -118, 142
ACC, 16324465, 2428, -896, 16008, -5920, -1298, -2768
ACC, 16324517, 404, -652, 19072, -5936, -497, -2903
ACC, 16324716, -464, 856, 13556, -5936, -571, 1212
GPS, 16282700, 45.801815, 9.095533
ACC, 16324914, 1160, 76, 11576, -5968, 306, 1359
ACC, 16325013, 1476, 344, 16044, -5920, 236, -2284
ACC, 16325026, 568, 988, 17692, -5952, -588, -3411
ACC, 16325055, 984, 1236, 17760, -5936, -1349, -3851
ACC, 16325107, 1764, 736, 19696, -5936, -2689, -2410
ACC, 16325157, 1252, -128, 19164, -5968, -1561, -227
ACC, 16325208, 288, -284, 14884, -5920, -1325, -973
ACC, 16325258, -432, -1076, 13468, -5936, -1205, -1734
ACC, 16325316, 496, -588, 12232, -5952, 1528, 264
ACC, 16325359, 2676, 84, 9248, -5936, 2079, 1157
ACC, 16325406, 2204, 96, 9392, -5952, 1540, 848
ACC, 16325452, 2164, 268, 10940, -5968, 852, 274
ACC, 16325498, 2704, -16, 12884, -5952, -946, 665
ACC, 16325546, 1932, -500, 16356, -5936, -1679, -511
GPS, 16282800, 45.801811, 9.095519
ACC, 16325796, 100, 2104, 13880, -5952, -1280, -751
ACC, 16326031, 1864, 264, 12948, -5952, 269, -1005
ACC, 16326045, 2080, 276, 13488, -6000, 212, -1336
ACC, 16326096, 1604, 440, 17376, -5968, -657, -2747
ACC, 16326141, 872, 700, 19924, -5952, -1327, -1913
ACC, 16326191, 1748, 68, 20076, -5936, -1300, 783
ACC, 16326238, 1032, 88, 18060, -5904, -95, 1159
ACC, 16326285, 1224, -1136, 13852, -5968, -1444, -1249
ACC, 16326339, -676, -1488, 13992, -5968, 512, -504
ACC, 16326389, 852, -968, 11996, -5904, 2618, 1243
ACC, 16326437, 2080, -188, 9988, -5952, 2370, 2106
ACC, 16326486, 1768, 252, 11108, -5936, 1059, 1092
ACC, 16326535, 1920, 168, 12884, -5952, -464, 642
ACC, 16326708, 3056, -1176, 17724, -5936, -350, -2645
GPS, 16282900, 45.801811, 9.095500
ACC, 16326916, 48, 680, 14708, -5936, 796, 2599
ACC, 16327014, 1220, -1000, 10916, -5968, -201, 1237
ACC, 16327030, 1412, -952, 11784, -5920, -171, -682
ACC, 16327062, 1988, -740, 12148, -5968, -437, -2219
ACC, 16327114, 1548, -412, 15252, -5936, -408, -2916
ACC, 16327164, 1884, 348, 16744, -5936, -1117, -3259
ACC, 16327215, 3556, 256, 17944, -5920, -2029, -2909
ACC, 16327266, 2352, -752, 20000, -5952, -2099, 641
ACC, 16327321, 1160, -832, 14604, -5952, -1690, -442
ACC, 16327368, -816, -1304, 13828, -5936, -1445, -443
ACC, 16327419, 172, -372, 14920, -5936, 1708, 880
ACC, 16327467, 3144, 68, 10652, -5952, 1898, 1837
ACC, 16327515, 2964, 204, 10732, -5936, 970, 1823
ACC, 16327562, 2556, 252, 12424, -5936, 353, 1297
ACC, 16327709, 1072, -1032, 16412, -5968, 232, -2603
GPS, 16283000, 45.801807, 9.095487
ACC, 16327916, -348, 1512, 16208, -5952, 1498, -399
ACC, 16328020, 3080, -164, 10532, -5904, 19, 3500
ACC, 16328036, 1504, 40, 11916, -5952, -197, 1856
ACC, 16328059, 1636, -232, 12752, -5936, -102, 959
ACC, 16328108, 1504, -676, 14124, -5952, 506, -490
ACC, 16328157, 840, -536, 17648, -5968, 363, -863
ACC, 16328204, 1188, -968, 19480, -5952, -380, -779
ACC, 16328254, 2808, -196, 18412, -5952, -148, 1202
ACC, 16328305, -200, -232, 18748, -5936, 182, 1671
ACC, 16328354, 648, -1648, 14112, -5952, -783, 1045
ACC, 16328404, -1116, -1324, 14648, -5968, -487, 675
ACC, 16328454, 1108, -1428, 12948, -5936, 128, 2537
ACC, 16328508, 1660, -1224, 11596, -5968, 134, 3201
ACC, 16328554, 1356, -656, 12196, -5936, 211, 2089
GPS, 16283100, 45.801803, 9.095471
ACC, 16328801, 864, 480, 19112, -5920, 1213, -1621
ACC, 16328904, -888, 880, 14180, -5952, 1285, -60
ACC, 16329004, 204, 1056, 12968, -5968, 1545, 2292
ACC, 16329039, 1352, 1056, 11036, -5936, 1215, 2559
ACC, 16329053, 1540, 1156, 10792, -5936, 1074, 2393
ACC, 16329103, 1048, 1328, 11404, -5952, 422, 1460
ACC, 16329152, 1000, 1856, 12888, -5984, 92, 432
ACC, 16329203, 1068, 1512, 15152, -5952, -155, -382
ACC, 16329249, 1072, 860, 18636, -5936, -523, -784
ACC, 16329298, 1476, -448, 18580, -5968, -1572, -1336
ACC, 16329350, -584, -864, 20012, -5952, -493, 439
ACC, 16329399, -2104, -736, 18676, -5984, 288, 1056
ACC, 16329448, -976, -1448, 12688, -5952, 468, 250
ACC, 16329498, -1424, -412, 14956, -5952, 640, -817
ACC, 16329548, 1156, -876, 11684, -5952, 324, 768
GPS, 16283200, 45.801799, 9.095480
ACC, 16329796, 280, -92, 16908, -6000, 228, -1409
ACC, 16329924, -960, 516, 18772, -5984, 1989, -27
ACC, 16330025, -704, 1156, 15248, -5968, 2406, -155
ACC, 16330040, 632, 628, 14264, -5968, 2559, 1382
ACC, 16330069, 1212, 428, 12892, -5968, 2341, 3353
ACC, 16330118, 1552, 20, 11816, -5936, 1139, 4728
ACC, 16330166, 1044, -268, 11428, -5984, -27, 3213
ACC, 16330214, 508, -40, 11788, -5968, -789, -58
ACC, 16330261, 736, 100, 13100, -5968, -1431, -2657
ACC, 16330312, 1036, 256, 16912, -5984, -1330, -3003
ACC, 16330363, 2228, 72, 19192, -6000, -2237, -1543
ACC, 16330436, 1032, 1220, 19604, -5984, -659, 565
ACC, 16330461, -636, 852, 19720, -5936, -8, 1369
ACC, 16330508, -884, -772, 15836, -5968, -9, 1082
ACC, 16330556, -1552, -1052, 14364, -5952, 122, -249
GPS, 16283300, 45.801803, 9.095466
ACC, 16330805, 1136, -1288, 13180, -5920, -365, -304
ACC, 16330910, 848, -712, 18800, -6000, -421, -1867
ACC, 16331012, 140, 500, 19884, -5968, 1136, -322
ACC, 16331048, 1088, 564, 14252, -5952, 815, -1474
ACC, 16331059, 908, 808, 13796, -5968, 726, -1704
ACC, 16331111, 16, 1032, 14368, -5952, 978, -1484
ACC, 16331155, 1204, 348, 13108, -5952, 1268, 1230
ACC, 16331205, 2956, -528, 10808, -6000, 1586, 2904
ACC, 16331254, 2336, -468, 10236, -5952, 1115, 2270
ACC, 16331304, 1472, -104, 11332, -5984, 94, 591
ACC, 16331351, 212, 368, 14528, -5968, -170, -712
ACC, 16331399, 812, 112, 16192, -5952, -329, -1707
ACC, 16331447, 760, 756, 19788, -5968, -925, -1938
ACC, 16331496, 1612, 400, 19460, -5952, -643, 364
ACC, 16331545, -356, 12, 19300, -5952, -35, 2232
ACC, 16331716, 1224, -872, 11940, -5952, -1634, 1328
GPS, 16283400, 45.801799, 9.095449
ACC, 16331924, 1668, -480, 15020, -6000, -681, -1194
ACC, 16332063, -588, -504, 19900, -5952, -360, 1795
ACC, 16332077, -1248, 60, 19400, -5968, -113, 1882
ACC, 16332123, 108, 976, 14840, -5952, 1023, 983
ACC, 16332170, -1268, 816, 15304, -6000, 878, 618
ACC, 16332218, 188, -64, 13288, -5984, 890, 1667
ACC, 16332264, 1484, -600, 10756, -5984, 884, 1881
ACC, 16332314, 1520, -556, 10244, -5984, 391, 786
ACC, 16332366, 1136, -492, 10996, -5968, -444, -770
ACC, 16332412, 568, -448, 13688, -5984, -66, -1794
ACC, 16332460, 1204, -704, 16276, -6000, -89, -2762
ACC, 16332510, 1372, -652, 20040, -5968, -515, -1710
ACC, 16332561, 3368, -1144, 19160, -5968, -1656, -1295
ACC, 16332714, -656, -2656, 12124, -5968, -2632, 462
GPS, 16283500, 45.801807, 9.095432
ACC, 16332921, 1972, -1300, 11420, -5968, 354, 1355
ACC, 16333024, 2224, -1524, 14604, -5968, 94, 118
ACC, 16333042, 1808, -1608, 16740, -6000, -259, -659
ACC, 16333078, 1948, -1436, 17984, -6000, -94, -1599
ACC, 16333124, 1972, -2048, 19260, -5984, 1004, -1356
ACC, 16333176, 800, -1744, 20076, -5984, 2459, 823
ACC, 16333224, -764, -320, 18396, -5984, 2136, 900
ACC, 16333273, -592, 140, 14272, -5968, 1134, -600
ACC, 16333322, -856, 480, 15348, -5984, 941, -903
ACC, 16333369, 1764, -56, 13128, -5952, 857, 1967
ACC, 16333417, 2364, -88, 11516, -5968, 1204, 3421
ACC, 16333467, 1084, -192, 12216, -5952, 1554, 3380
ACC, 16333517, 1008, -272, 11040, -5984, 1118, 1239
ACC, 16333570, 600, -288, 12380, -5984, -14, -2693
ACC, 16333712, 2244, 340, 18752, -5952, -307, -1681
GPS, 16283600, 45.801807, 9.095423
ACC, 16333923, -384, -1612, 12972, -5968, -118, -702
ACC, 16334027, 1992, -284, 9748, -5968, -556, 202
ACC, 16334050, 1200, -708, 10604, -5968, -510, 239
ACC, 16334074, 1012, -1024, 11504, -5968, -540, 132
ACC, 16334124, 1664, -1376, 12948, -5968, -1095, -139
ACC, 16334176, 1664, -1180, 15276, -5952, -1390, -641
ACC, 16334228, 1112, -724, 19356, -5952, -599, -959
ACC, 16334282, 1480, -616, 19000, -5984, 196, -864
ACC, 16334327, 764, -488, 18928, -5968, 561, 328
ACC, 16334374, 412, 928, 16276, -5968, 1340, -358
ACC, 16334422, 100, 1088, 13292, -5952, 1372, -153
ACC, 16334470, -1156, 552, 14036, -5968, 1296, 15
ACC, 16334518, 604, 532, 12508, -5984, 1679, 1920
ACC, 16334566, 1292, 784, 11980, -6016, 1963, 1985
ACC, 16334713, 1448, 804, 12572, -5968, 402, 356
GPS, 16283700, 45.801799, 9.095419
ACC, 16334920, 1324, 448, 19172, -5968, -859, -1421
ACC, 16335047, -572, -1776, 13860, -5968, -1284, 1292
ACC, 16335052, -676, -1896, 13424, -5984, -1101, 883
ACC, 16335087, -1812, -1596, 14476, -5952, -426, -290
ACC, 16335139, 284, -1840, 12292, -5952, -10, 936
ACC, 16335186, 812, -1192, 10908, -5984, 548, 1622
ACC, 16335235, 828, -540, 10408, -6000, 626, 1147
ACC, 16335283, 1156, -208, 10696, -6000, 314, -527
ACC, 16335332, 1708, -160, 12148, -6000, -337, -1661
ACC, 16335382, 2200, -812, 14796, -5968, -556, -1891
ACC, 16335434, 2272, -520, 16992, -5920, 48, -1561
ACC, 16335487, 1748, 556, 19764, -6000, 216, -1050
ACC, 16335532, 1880, -428, 20012, -5984, -89, -266
ACC, 16335653, -104, 1744, 15828, -6000, -257, 373
GPS, 16283800, 45.801795, 9.095417
ACC, 16335843, 1164, 736, 11740, -5952, 854, 1890
ACC, 16335945, 1332, 332, 10912, -5952, -368, -356
ACC, 16336045, 760, -244, 16028, -5968, -1915, -1417
ACC, 16336054, 476, -176, 17436, -5952, -1758, -1213
ACC, 16336087, 568, 12, 18576, -5968, -1561, -1757
ACC, 16336136, 1856, -284, 19592, -5984, -1988, -56
ACC, 16336190, -504, -528, 19992, -5936, -2444, 2473
ACC, 16336238, 556, -1004, 14952, -5968, -2532, 646
ACC, 16336287, -1652, -1008, 14856, -5984, -673, -961
ACC, 16336339, 284, -1272, 12804, -5952, 833, 282
ACC, 16336387, 1084, -1036, 10740, -5984, 1580, 1775
ACC, 16336438, 1376, -584, 10296, -5984, 1652, 1784
ACC, 16336487, 1336, -236, 11056, -5968, 928, 711
ACC, 16336536, 1720, -1304, 12284, -5968, -398, -818
GPS, 16283900, 45.801788, 9.095414
ACC, 16336788, -256, 624, 18784, -6000, 2303, 253
ACC, 16336917, 448, 768, 13672, -5984, 944, -1010
ACC, 16337019, 1852, 0, 10636, -5936, 1820, 2262
ACC, 16337053, 1448, 464, 10352, -5984, 1160, 1572
ACC, 16337065, 960, 704, 10512, -5968, 916, 1225
ACC, 16337111, 1072, 836, 11376, -6000, -490, -156
ACC, 16337160, 1364, 700, 13068, -5968, -1600, -385
ACC, 16337210, 2160, 432, 15516, -5984, -1045, -894
ACC, 16337260, 1364, 532, 18928, -5968, -1323, -153
ACC, 16337310, 1288, -196, 20044, -6000, -2720, 1690
ACC, 16337361, -956, -32, 21148, -6016, -3226, 4002
ACC, 16337415, -156, -636, 15360, -5968, -3285, 1584
ACC, 16337462, -2120, -724, 15744, -5968, -1663, -1123
ACC, 16337515, 280, -1076, 13140, -5984, 214, -1421
ACC, 16337565, 1296, -500, 10980, -5984, 1313, -1044
ACC, 16337715, 1300, -948, 11108, -5968, -478, -743
GPS, 16284000, 45.801776, 9.095409
ACC, 16337926, 1540, -388, 20216, -5984, 820, 442
ACC, 16338088, 184, 1844, 13432, -5968, 2659, -500
ACC, 16338101, 900, 1692, 13104, -6000, 2625, 158
ACC, 16338150, 2312, 1176, 11476, -5936, 1822, 1585
ACC, 16338196, 2284, 1172, 10164, -5984, 1408, 1721
ACC, 16338246, 1196, 1144, 10088, -6000, 720, 929
ACC, 16338294, 344, 728, 12628, -6000, -6, 15
ACC, 16338338, 1120, 96, 14472, -6000, -734, -603
ACC, 16338385, 1700, 84, 17156, -5968, -920, -535
ACC, 16338433, 2340, 224, 19480, -5984, -919, -467
ACC, 16338482, 1688, -428, 19916, -5968, -1034, 650
ACC, 16338532, -1972, -636, 19788, -6000, 227, 2341
ACC, 16338664, -1184, -956, 13944, -5984, -1041, -326
GPS, 16284100, 45.801780, 9.095408
ACC, 16338878, 880, -852, 11432, -5984, -441, -446
ACC, 16338981, 2208, -672, 16104, -5968, 284, -1063
ACC, 16339064, 1156, -256, 18852, -5984, 12, -1916
ACC, 16339068, 1476, -444, 18748, -6000, 109, -1696
ACC, 16339100, 604, -124, 19816, -6000, 1020, 419
ACC, 16339147, -668, 12, 19432, -5968, 1928, 1971
ACC, 16339195, -752, 1500, 14788, -5968, 1788, 1623
ACC, 16339245, -2408, 1616, 14736, -5968, 1242, 386
ACC, 16339295, -1484, 1324, 13780, -5936, 1138, 330
ACC, 16339348, -28, 1436, 12148, -5968, 1886, 1306
ACC, 16339393, 868, 1060, 11660, -5984, 1904, 866
ACC, 16339442, 1416, 516, 10928, -5968, 1163, 559
ACC, 16339489, 1192, -16, 11220, -5968, 76, -482
ACC, 16339536, 1172, -172, 12680, -5968, -944, -944
GPS, 16284200, 45.801776, 9.095407
ACC, 16339788, 1400, 1716, 19200, -5968, -384, -1871
ACC, 16339892, 36, -76, 17352, -5968, -2051, -68
ACC, 16339992, -2112, -1940, 14316, -5984, -383, -536
ACC, 16340052, -1260, -1856, 12444, -5968, 463, 279
ACC, 16340057, -1108, -1892, 12160, -5984, 463, 449
ACC, 16340098, -592, -2032, 11912, -5984, -301, 1460
ACC, 16340145, 340, -1468, 11016, -5984, -427, 1618
ACC, 16340195, 300, -1464, 10808, -6000, -82, 803
ACC, 16340243, 352, -1064, 11296, -5968, -162, -59
ACC, 16340292, 640, -980, 11764, -5984, -13, -804
ACC, 16340340, 1808, -672, 12232, -5952, 741, -617
ACC, 16340389, 2756, -500, 13636, -6032, 1123, 876
ACC, 16340438, 2780, -1100, 15228, -5984, -229, 1434
ACC, 16340488, 1188, -720, 17524, -5968, -953, 613
ACC, 16340541, 1948, -440, 18392, -6016, -1139, -1527
GPS, 16284300, 45.801769, 9.095400
ACC, 16340794, -1092, 532, 13480, -5968, 33, -1437
ACC, 16340897, 1712, -1572, 11276, -5984, -321, 1344
ACC, 16341001, 1244, -432, 12912, -5968, 437, 538
ACC, 16341066, 1984, 400, 17188, -5968, -415, -688
ACC, 16341071, 1916, 492, 17628, -5968, -553, -754
ACC, 16341100, 1536, 628, 18984, -5968, -1213, -1331
ACC, 16341152, 1924, 156, 19680, -6000, -2539, -2749
ACC, 16341203, 876, -764, 19844, -5968, -1635, -2851
ACC, 16341257, 348, -100, 16352, -5984, -276, -2847
ACC, 16341303, -72, -1164, 13404, -5968, -2596, -1982
ACC, 16341355, -712, -1328, 12744, -5968, -1225, -37
ACC, 16341407, 504, -1604, 10688, -5984, 1429, 2138
ACC, 16341456, 716, -768, 10164, -6000, 2055, 2234
ACC, 16341505, 856, -40, 11452, -5984, 1603, 1424
ACC, 16341553, 1256, 116, 13552, -6000, 248, 1328
GPS, 16284400, 45.801765, 9.095390
ACC, 16341801, 3176, -408, 18768, -5984, 1036, -1109
ACC, 16341904, 180, 640, 12864, -6000, 848, -1398
ACC, 16342052, 1700, -344, 11652, -5936, -274, 3213
ACC, 16342057, 1708, -744, 11420, -6000, -716, 3007
ACC, 16342089, 1956, -1212, 10952, -5968, -1521, 2932
ACC, 16342141, 1508, -1236, 11632, -5968, -2171, 1834
ACC, 16342193, 1948, -1304, 12796, -5968, -2439, 899
ACC, 16342243, 1788, -1104, 16320, -5984, -2351, -648
ACC, 16342296, 1212, -272, 18484, -5984, -1228, -990
ACC, 16342347, 3008, -720, 19500, -5968, -36, -1010
ACC, 16342397, 1096, -796, 21160, -5984, 2187, 1178
ACC, 16342446, -608, -352, 16188, -5968, 808, 997
ACC, 16342498, -1224, -716, 13020, -6000, -2180, -688
ACC, 16342546, -712, -1208, 13556, -5984, -746, -1239
GPS, 16284500, 45.801765, 9.095376
ACC, 16342800, 3172, -1244, 14228, -5968, -988, 3
ACC, 16342901, 1492, -2116, 18048, -5984, -1533, -124
ACC, 16343006, 88, -488, 19092, -5968, 2204, 1718
ACC, 16343056, -148, 804, 13320, -5984, -82, -1599
ACC, 16343061, -680, 884, 13372, -6000, 49, -1735
ACC, 16343101, -2492, 1284, 15732, -5984, -576, -3708
ACC, 16343154, 452, -32, 12332, -5968, 514, 92
ACC, 16343202, 2040, -796, 10292, -5984, -16, 1733
ACC, 16343247, 2288, -968, 9284, -5968, -341, 1764
ACC, 16343296, 1848, -568, 10592, -5984, -199, 615
ACC, 16343345, 1672, -100, 12856, -5984, -111, -101
ACC, 16343394, 1536, -244, 16148, -5952, -119, -1617
ACC, 16343445, 1252, 296, 19104, -5984, -510, -1239
ACC, 16343496, 4812, -208, 19448, -5968, -1327, -740
ACC, 16343547, 2368, -616, 20200, -5968, -1043, 1599
GPS, 16284600, 45.801761, 9.095366
ACC, 16343799, 2420, -236, 9692, -5984, 1793, 259
ACC, 16344064, 1840, -2560, 17600, -5968, -1214, -82
ACC, 16344079, 2080, -2692, 18320, -6000, -595, 711
ACC, 16344126, 2412, -288, 20240, -5984, 2431, 2355
ACC, 16344177, -136, 500, 17460, -5952, 3168, 2032
ACC, 16344225, 12, 872, 13564, -5984, 1865, 1970
ACC, 16344272, -1576, 1696, 14912, -5984, 372, -1147
ACC, 16344323, 1580, -156, 11644, -6000, -134, 1432
ACC, 16344373, 2204, -1284, 11020, -5984, -1595, 700
ACC, 16344423, 2180, -788, 10784, -5968, -1263, 168
ACC, 16344474, 2640, -292, 12996, -5984, 243, -1405
ACC, 16344528, 2948, 84, 15420, -5968, 426, -2945
ACC, 16344571, 2000, 396, 17924, -5984, 322, -2940
ACC, 16344718, -316, -828, 19380, -6000, -219, 2976
GPS, 16284700, 45.801761, 9.095355
ACC, 16344929, 1332, -808, 10840, -5968, 1276, 1183
ACC, 16345032, 1468, -832, 13176, -5968, 460, -66
ACC, 16345057, 2712, -1256, 13564, -5936, -1055, -304
ACC, 16345082, 2496, -1028, 15332, -6000, -1707, -1232
ACC, 16345135, 736, -1688, 18020, -5968, -1262, -2494
ACC, 16345187, 2308, -1568, 18368, -5984, -553, -1784
ACC, 16345245, 2932, -664, 20796, -5952, 2636, 746
ACC, 16345288, 384, -548, 17200, -5952, 1906, -694
ACC, 16345337, 344, 284, 12424, -5968, -498, -781
ACC, 16345385, -2044, 860, 14944, -6000, -954, -2841
ACC, 16345436, 1108, -640, 12408, -5968, 880, 2003
ACC, 16345484, 2812, -1244, 10676, -5984, -469, 2943
ACC, 16345535, 2140, -1088, 10812, -5984, -1138, 1544
GPS, 16284800, 45.801765, 9.095343
ACC, 16345791, 4024, -1036, 19440, -6000, -1501, 9
ACC, 16345893, 1656, -1396, 12688, -5936, -1114, 1229
ACC, 16346025, 808, -1124, 11904, -5952, 267, 1715
ACC, 16346057, 3232, -1028, 9184, -5984, 1430, 1432
ACC, 16346074, 3240, -820, 9896, -5968, 1697, 1317
ACC, 16346123, 2288, -760, 12108, -5952, 1801, 629
ACC, 16346172, 2824, -304, 13576, -5968, 846, 1338
ACC, 16346220, 2520, -264, 16056, -5984, -15, -74
ACC, 16346269, 524, -728, 17088, -5968, -1331, -366
ACC, 16346319, 1632, -1392, 17760, -5952, -2742, -1192
ACC, 16346372, 2784, -608, 20116, -5968, 915, 1873
ACC, 16346424, 568, -56, 17356, -5952, 3118, 804
ACC, 16346467, 328, 596, 13208, -5968, 1911, 1145
ACC, 16346515, -2156, 1416, 14876, -5952, -605, -1706
ACC, 16346568, 1396, -156, 13436, -6000, -684, 1163
GPS, 16284900, 45.801765, 9.095330
ACC, 16346814, 2488, -80, 15312, -5984, 1070, -2738
ACC, 16346918, 3952, -360, 17944, -5968, -1727, -388
ACC, 16347021, 1312, -1816, 14272, -6000, -1122, 1262
ACC, 16347060, -1528, -1120, 14520, -6000, -912, 1205
ACC, 16347078, -1840, -1192, 14064, -5968, -887, -419
ACC, 16347133, 1756, -1800, 11852, -5952, 191, 1560
ACC, 16347179, 1296, -1004, 11832, -5968, 975, 1401
ACC, 16347229, 1480, -776, 10936, -5952, 1788, 1294
ACC, 16347279, 1468, -784, 13140, -5984, 1637, -1124
ACC, 16347331, 1572, -688, 15196, -5968, 809, -2214
ACC, 16347380, 2036, -924, 15056, -5968, -433, -4024
ACC, 16347431, 588, -1436, 17056, -5952, -858, -3731
ACC, 16347482, 3700, -1396, 17484, -5984, 542, -1306
ACC, 16347533, 3536, 1244, 18820, -5968, 1458, 2253
ACC, 16347582, 1476, 864, 15384, -5936, -687, 1946
ACC, 16347763, 2044, -952, 12392, -5968, 301, 3267
GPS, 16285000, 45.801769, 9.095316
ACC, 16347957, 2160, -1160, 15136, -5952, -160, -3316
ACC, 16348061, 4140, -276, 17912, -5968, -650, -1412
ACC, 16348073, 3944, -904, 19148, -5968, -1254, 706
ACC, 16348106, 2820, -1180, 19600, -5936, -1827, 1724
ACC, 16348158, 624, -1208, 15780, -6000, -1384, 628
ACC, 16348208, -704, -1848, 14264, -5952, -608, 839
ACC, 16348257, -176, -1896, 13680, -6000, 2460, -289
ACC, 16348308, 1604, -840, 10732, -6000, 3883, 896
ACC, 16348362, 1924, -208, 10568, -5968, 2808, -111
ACC, 16348408, 2284, -296, 11944, -5968, 1223, 126
ACC, 16348456, 3028, -996, 12948, -5952, 179, 58
ACC, 16348503, 2324, -1544, 14968, -5968, -15, -1656
ACC, 16348554, 1308, -1648, 17784, -5984, 441, -2394
GPS, 16285100, 45.801769, 9.095305
ACC, 16348805, -1392, 1760, 14460, -5968, -1885, -1333
ACC, 16348912, 2604, -1760, 10656, -5984, -1323, 2628
ACC, 16349017, 1220, -784, 12772, -5952, -411, 558
ACC, 16349070, 2264, -688, 15448, -5984, -2, -1176
ACC, 16349080, 1788, -720, 16172, -5936, -101, -1224
ACC, 16349116, 1092, -516, 17720, -5968, -574, -1772
ACC, 16349167, 2836, -740, 18784, -5984, -1416, 1
ACC, 16349215, 1176, -1304, 21104, -5952, -1536, 3092
ACC, 16349267, 392, -1716, 16396, -5968, -340, 1957
ACC, 16349317, -1040, -1200, 14556, -5984, 78, -1066
ACC, 16349367, -788, -2168, 14044, -5968, 858, -3286
ACC, 16349418, 992, -2368, 11776, -6000, 1847, -615
ACC, 16349469, 2348, -1000, 10576, -5952, 2400, -234
ACC, 16349524, 1980, -252, 10948, -6000, 2104, 116
ACC, 16349568, 2252, -592, 12616, -5984, 1214, -20
GPS, 16285200, 45.801773, 9.095293
ACC, 16349815, 3764, -168, 19812, -5968, 1766, 979
ACC, 16350075, 2212, -2052, 10932, -5968, 24, 1844
ACC, 16350088, 1708, -1952, 11048, -5936, 76, 1644
ACC, 16350134, 1120, -1568, 12048, -5984, 223, 199
ACC, 16350183, 1440, -824, 12948, -5968, 474, -752
ACC, 16350233, 1324, -756, 15932, -5984, 35, -1967
ACC, 16350281, 1004, -324, 17556, -6000, -985, -2226
ACC, 16350337, 3812, -420, 19040, -5984, -1621, -1643
ACC, 16350384, 1484, -1344, 20508, -6000, -2711, 2095
ACC, 16350436, 748, -1348, 15148, -5936, -2440, 2085
ACC, 16350488, -1756, -1284, 13956, -5984, -2702, 425
ACC, 16350539, -756, -1916, 14084, -5952, -331, -209
ACC, 16350673, 2716, 672, 11360, -5952, 3472, -320
GPS, 16285300, 45.801773, 9.095279
ACC, 16350857, 2384, -812, 15716, -5984, 623, -2640
ACC, 16350961, 3784, -312, 18356, -5952, -11, 194
ACC, 16351061, 1548, 528, 15544, -5952, 911, 625
ACC, 16351079, 368, 1148, 13964, -5936, 172, 227
ACC, 16351099, -1292, 1828, 14724, -5968, -145, -1306
ACC, 16351151, 608, 1016, 13156, -5952, 1103, -717
ACC, 16351199, 1428, -344, 12908, -5952, 1015, 2089
ACC, 16351249, 3000, -988, 10180, -5984, -599, 3352
ACC, 16351300, 2524, -716, 10900, -5968, -789, 2280
ACC, 16351350, 2368, -648, 11452, -5952, -1, 1691
ACC, 16351397, 2524, -412, 13540, -5984, 343, 1768
ACC, 16351446, 1340, 432, 18636, -5968, -197, 1607
ACC, 16351495, 3652, 104, 18708, -5952, -627, -1158
ACC, 16351548, 2336, 408, 23004, -5952, -2216, -4345
GPS, 16285400, 45.801776, 9.095269
ACC, 16351797, -336, -748, 7144, -6000, 1603, -883
ACC, 16351900, 1352, -512, 10612, -5984, 1830, -389
ACC, 16352002, 4576, -1488, 22580, -5984, 311, 1319
ACC, 16352062, 4920, -1024, 18616, -5968, -2034, 4375
ACC, 16352068, 3660, -956, 19144, -5936, -1921, 4361
ACC, 16352105, 4076, -1336, 13000, -5984, -844, 4138
ACC, 16352157, 1408, -796, 9252, -5952, 590, 2133
ACC, 16352205, 552, -348, 7380, -5936, -65, -909
ACC, 16352255, -84, 748, 13352, -5936, -1345, -4466
ACC, 16352301, 32, -20, 21964, -5936, 1120, -6248
ACC, 16352349, 36, -28, 23760, -5952, -232, -6119
ACC, 16352397, -376, 268, 21748, -5952, -42, -4516
ACC, 16352445, 1428, -756, 17256, -5952, 2372, -593
ACC, 16352496, 2568, -312, 11472, -5952, 1277, 3071
ACC, 16352546, 1732, -368, 6944, -5936, 768, 4006
GPS, 16285500, 45.801780, 9.095258
ACC, 16352797, 3716, -192, 16844, -5968, 913, 3908
ACC, 16352899, 2452, 476, 30100, -5936, -1646, -110
ACC, 16353029, -116, -968, 21516, -5952, -1360, -7800
ACC, 16353063, 1488, -192, 15972, -6000, 918, -4743
ACC, 16353081, 1668, -204, 14012, -5952, 1143, -3233
ACC, 16353132, 1996, -296, 8956, -5984, 1106, 336
ACC, 16353180, 1364, 12, 5284, -6000, 1052, 2097
ACC, 16353227, 168, 168, 3840, -5952, 533, 1360
ACC, 16353273, -140, 16, 3540, -5936, -322, 277
ACC, 16353318, -40, -320, 4496, -5920, -582, 123
ACC, 16353365, 1412, -904, 5824, -5904, -79, 2234
ACC, 16353413, 576, -1172, 12296, -5984, 2541, 4688
ACC, 16353467, 3448, -1320, 16032, -5968, 3155, 3530
ACC, 16353514, 4064, 1060, 20492, -5952, 1421, -1636
ACC, 16353565, 1700, -632, 27812, -5968, -1402, 285
GPS, 16285600, 45.801780, 9.095251
ACC, 16353816, 3336, 304, 14576, -5952, 1344, -2215
ACC, 16353918, 1160, 628, 7696, -5952, -944, -1663
ACC, 16354020, 292, -416, 4628, -5936, -1007, -2797
ACC, 16354062, 1040, 120, 3940, -5968, 79, -1401
ACC, 16354067, 904, -24, 4628, -5936, 149, -1122
ACC, 16354115, 1172, -752, 5108, -5952, 752, 1851
ACC, 16354166, 2500, -1180, 8636, -5968, 114, 4460
ACC, 16354211, -2276, -3108, 15592, -5952, 2578, 5563
ACC, 16354263, 3964, -408, 17904, -5968, 1201, 7247
ACC, 16354313, 4884, -676, 23128, -5952, 719, 6658
ACC, 16354362, 5548, -372, 25904, -5952, 760, 4570
ACC, 16354410, 4940, -12, 27096, -5968, 482, 2586
ACC, 16354459, 5268, -1412, 24852, -5936, -898, 515
ACC, 16354509, 4576, -1024, 22896, -5952, -1356, -2926
ACC, 16354562, 3228, -540, 18716, -5968, -1832, -6032
GPS, 16285700, 45.801780, 9.095245
ACC, 16354845, 908, -160, 4772, -5968, 59, -3184
ACC, 16354945, 2592, -1516, 5732, -5984, 2033, 2050
ACC, 16355048, 4548, -1628, 10672, -5968, 1726, 4964
ACC, 16355065, 3076, -1452, 14052, -5952, 511, 3594
ACC, 16355097, 3704, -1208, 18316, -5936, -341, 3906
ACC, 16355148, 4932, -1260, 23016, -5984, -1405, 3266
ACC, 16355200, 6936, -2548, 23392, -5968, -1803, 1438
ACC, 16355252, 6612, -2144, 24588, -5952, -1590, -94
ACC, 16355302, 4352, -620, 21796, -5952, -266, -872
ACC, 16355353, 2628, 416, 19596, -5968, -933, -1755
ACC, 16355417, 1440, 572, 16888, -5952, -896, -3364
ACC, 16355452, 1824, 208, 15200, -5968, 259, -2977
ACC, 16355501, 2416, 232, 13172, -5936, 1447, -1803
ACC, 16355551, 1980, 324, 12044, -5968, 1540, 241
GPS, 16285800, 45.801784, 9.095240
ACC, 16355799, 3392, -332, 8800, -5952, -628, -317
ACC, 16356065, 1704, -576, 22416, -5968, 306, 3884
ACC, 16356079, 1684, -612, 20464, -5984, 24, 2525
ACC, 16356124, -380, -4, 18212, -5968, 790, -1478
ACC, 16356172, -532, -596, 17744, -5952, 1990, -3936
ACC, 16356227, 1284, -284, 14752, -5968, 1766, -1642
ACC, 16356274, 2952, 244, 11372, -5984, 1959, -1174
ACC, 16356323, 2572, 268, 10484, -5968, 943, -1654
ACC, 16356372, 3168, -244, 9600, -5936, -725, -1719
ACC, 16356423, 2804, -480, 10244, -5936, -594, -1360
ACC, 16356474, 3212, -1216, 11788, -5968, -554, -1015
ACC, 16356525, 3256, -1444, 15160, -5968, -907, -890
ACC, 16356576, 3736, -1264, 16292, -5920, -157, -1573
ACC, 16356728, 2812, 120, 17148, -5968, 1392, 956
GPS, 16285900, 45.801788, 9.095232
ACC, 16356984, 2780, -1656, 11704, -5952, -955, 2330
ACC, 16357063, 3176, -1000, 13248, -5968, 715, 104
ACC, 16357068, 3316, -1060, 13348, -5952, 669, -57
ACC, 16357097, 3368, -620, 14680, -5984, 306, -941
ACC, 16357147, 2496, 684, 17956, -5968, 89, -1673
ACC, 16357194, 4024, 760, 17304, -5968, -642, -3543
ACC, 16357244, 4320, -1088, 19060, -5936, -1305, -1535
ACC, 16357297, 880, -156, 19568, -5952, -166, 1453
ACC, 16357346, 3812, -1268, 11256, -5952, -1148, 1423
ACC, 16357402, -1104, -356, 14676, -5952, -385, -625
ACC, 16357449, 1976, -1124, 11936, -5952, 1821, 169
ACC, 16357499, 3596, 92, 10740, -5984, 2365, -244
ACC, 16357547, 3616, 68, 11276, -5952, 1554, -482
ACC, 16357675, 4208, -904, 13916, -5952, -1081, 221
GPS, 16290000, 45.801792, 9.095221
ACC, 16357861, 3824, 672, 18368, -5968, 1615, -900
ACC, 16357963, 2752, 1556, 13412, -5952, 510, -515
ACC, 16358062, 3328, 396, 13184, -5952, 166, 2390
ACC, 16358067, 3944, 224, 11988, -5968, -365, 3062
ACC, 16358096, 3692, -200, 11048, -5936, -1022, 2901
ACC, 16358151, 2744, -792, 11416, -5936, -1257, 845
ACC, 16358196, 2420, -320, 12436, -5984, -114, -352
ACC, 16358246, 3900, -384, 12812, -5968, 330, -1679
ACC, 16358297, 2980, -380, 17376, -5968, 658, -1673
ACC, 16358347, 3200, -228, 17412, -5952, 195, -2309
ACC, 16358396, 3972, -604, 17884, -6000, -1069, -1097
ACC, 16358448, 2628, -32, 19396, -5952, -1017, 345
ACC, 16358497, 2340, -1708, 13780, -5968, -1327, 301
ACC, 16358548, 1044, -1120, 12760, -6000, -1327, 1270
ACC, 16358771, 2028, -372, 12812, -5968, -562, -358
GPS, 16290100, 45.801792, 9.095207
ACC, 16358968, 4824, -2524, 18492, -5984, -105, -443
ACC, 16359072, 2268, 1032, 14200, -5952, -519, -332
ACC, 16359084, 1468, 1264, 12820, -5952, -922, -16
ACC, 16359115, -412, 1356, 14768, -5968, -464, -101
ACC, 16359165, 1560, -720, 13496, -5968, 1667, 917
ACC, 16359213, 2748, -924, 11072, -6000, 1555, 2546
ACC, 16359263, 2132, -1108, 11176, -5968, 603, 1270
ACC, 16359313, 1884, -864, 13220, -5952, -1421, 1724
ACC, 16359369, 3792, -1208, 12916, -5968, -3210, 1130
ACC, 16359416, 2032, -1020, 15724, -5952, -2882, 1041
ACC, 16359468, 1812, -16, 17260, -5968, -2409, -311
ACC, 16359518, 2384, -880, 17496, -5968, -1658, -999
ACC, 16359569, 1384, -1688, 18692, -6000, 637, -2002
GPS, 16290200, 45.801795, 9.095195
ACC, 16359823, 1248, -1804, 13128, -5968, -622, 529
ACC, 16359925, 1068, -1016, 13564, -5952, 1725, 717
ACC, 16360028, 2376, -1708, 14916, -6000, -266, 2202
ACC, 16360070, 1412, -1820, 14576, -5968, -257, 1458
ACC, 16360084, 1352, -2008, 14760, -5952, -281, 1303
ACC, 16360132, 832, -1784, 14720, -5984, -623, 1085
ACC, 16360182, 1456, -1976, 14140, -6000, -839, 1320
ACC, 16360233, 1624, -2368, 14180, -5936, -541, 1377
ACC, 16360283, 1312, -2176, 14792, -5984, -439, 1842
ACC, 16360334, 736, -1732, 15184, -5952, -465, 1492
ACC, 16360384, 688, -1888, 15136, -5952, -688, 1219
ACC, 16360435, 1112, -2024, 15076, -5968, -1402, 922
ACC, 16360485, 1440, -2256, 15336, -6000, -1804, 955
ACC, 16360536, 1204, -2516, 15136, -5968, -1854, 1152
ACC, 16360592, 1352, -2680, 14320, -5968, -895, 536
ACC, 16360737, 1052, -2020, 14148, -6000, 1992, -662
GPS, 16290300, 45.801795, 9.095194
ACC, 16360946, 1316, -1924, 14840, -5968, -1017, 636
ACC, 16361048, 1700, -2260, 14612, -5968, 56, -88
ACC, 16361068, 1344, -2088, 14652, -6000, 544, -263
ACC, 16361097, 1624, -2260, 14376, -5968, 618, -229
ACC, 16361146, 1400, -1980, 14512, -5968, 564, 53
ACC, 16361194, 1488, -1892, 14720, -5968, 280, 434
ACC, 16361244, 1484, -2080, 14804, -5984, 201, 514
ACC, 16361296, 1320, -1996, 14784, -5984, 302, 413
ACC, 16361341, 1352, -2068, 14536, -5968, 97, 136
ACC, 16361389, 1256, -2084, 14752, -5984, 30, 68
ACC, 16361436, 1624, -2040, 14664, -5984, 55, -42
ACC, 16361483, 1304, -2108, 14632, -6000, 168, -64
ACC, 16361532, 1468, -2096, 14528, -5984, 165, -85
ACC, 16361582, 1276, -2220, 14756, -6000, 120, 15
GPS, 16290400, 45.801795, 9.095194
ACC, 16361825, 1552, -1844, 14620, -5968, 105, 97
ACC, 16362072, 1272, -1928, 14872, -6000, 92, -321
ACC, 16362089, 1392, -1956, 14752, -5984, 99, -351
ACC, 16362131, 1456, -1892, 14860, -6016, 75, -315
ACC, 16362181, 1436, -1712, 14660, -6000, 137, -292
ACC, 16362231, 1460, -1956, 14596, -6000, 242, -241
ACC, 16362280, 1588, -1792, 14480, -6000, 294, -83
ACC, 16362329, 1756, -1764, 14556, -5984, 344, -114
ACC, 16362379, 1636, -1796, 14788, -5984, 288, -25
ACC, 16362428, 1440, -1700, 14552, -5984, 120, -119
ACC, 16362478, 1664, -1628, 14556, -5984, 109, -39
ACC, 16362527, 1752, -1688, 14692, -5984, 159, -99
ACC, 16362581, 1788, -1540, 14744, -5984, 105, 129
GPS, 16290500, 45.801795, 9.095195
ACC, 16362823, 1648, -1628, 14860, -6032, 367, 25
ACC, 16362924, 1820, -1616, 14716, -5984, 2, 392
ACC, 16363023, 1364, -1516, 14900, -5968, -447, 241
ACC, 16363069, 1500, -1648, 14576, -5968, -342, 200
ACC, 16363073, 1476, -1776, 14680, -5984, -352, 226
ACC, 16363124, 1404, -1672, 14836, -5984, -185, 188
ACC, 16363173, 1368, -1700, 14752, -5968, -184, 203
ACC, 16363223, 1504, -1776, 14648, -5984, -268, 216
ACC, 16363277, 1272, -1640, 14776, -5968, -206, 190
ACC, 16363323, 1172, -1768, 14576, -5968, -84, 244
ACC, 16363371, 1084, -1860, 14632, -5968, -5, 111
ACC, 16363420, 1192, -1836, 14696, -5968, 36, 111
ACC, 16363468, 1000, -1940, 14760, -5984, 29, 212
ACC, 16363515, 1364, -1956, 14528, -5968, -98, 142
ACC, 16363564, 1140, -1804, 14812, -5952, 90, -125
GPS, 16290600, 45.801795, 9.095192
ACC, 16363814, 1440, -1616, 14756, -5968, -193, 140
ACC, 16363915, 1452, -1792, 14532, -6016, 273, 163
ACC, 16364044, 1452, -1676, 15144, -5936, 170, 27
ACC, 16364073, 1832, -1604, 14648, -5952, -269, -219
ACC, 16364093, 1816, -1596, 14396, -5984, -342, -42
ACC, 16364144, 1496, -1520, 14616, -5968, -492, 73
ACC, 16364193, 1680, -1628, 14564, -5984, -196, 158
ACC, 16364243, 1664, -1764, 14672, -5968, 79, 91
ACC, 16364289, 1512, -1732, 14928, -6000, 75, -24
ACC, 16364337, 1680, -1776, 14884, -5984, -149, -233
ACC, 16364388, 1564, -1756, 14812, -5984, -262, -357
ACC, 16364440, 1660, -1872, 14672, -5968, -330, -323
ACC, 16364494, 1620, -1816, 14604, -5968, -324, -187
ACC, 16364541, 1596, -1876, 14328, -6000, -82, 153
ACC, 16364590, 1948, -1892, 14192, -5968, 95, 466
ACC, 16364734, 1600, -1852, 14944, -5968, 283, 175
GPS, 16290700, 45.801795, 9.095190
ACC, 16364943, 1828, -1688, 14540, -5984, -106, 49
ACC, 16365046, 1796, -1680, 14648, -5984, -105, 398
ACC, 16365072, 2036, -1712, 15016, -5968, 267, 299
ACC, 16365095, 1724, -1916, 14756, -6032, 414, 398
ACC, 16365144, 1672, -1832, 14740, -6016, 454, 159
ACC, 16365196, 1488, -1580, 14532, -5984, 449, 114
ACC, 16365241, 1464, -1160, 14740, -5984, 539, 256
ACC, 16365290, 1480, -1384, 14444, -6000, 769, 149
ACC, 16365339, 1468, -1420, 14544, -5984, 749, 90
ACC, 16365387, 1388, -1596, 14840, -5984, 390, 30
ACC, 16365435, 1316, -1560, 14912, -6000, -142, 205
ACC, 16365485, 1684, -1552, 15188, -5968, -500, 260
ACC, 16365534, 1464, -1528, 14996, -5984, -503, -288
ACC, 16365585, 1288, -1528, 14996, -5984, -705, -535
ACC, 16365777, 1728, -1980, 14208, -5984, -140, -515
GPS, 16290800, 45.801792, 9.095189
ACC, 16365965, 1836, -1672, 14940, -5968, 389, 156
ACC, 16366067, 2076, -1620, 14804, -5952, -72, -264
ACC, 16366075, 1952, -1572, 14948, -5936, -73, -395
ACC, 16366107, 2140, -1632, 14668, -5968, -35, -395
ACC, 16366157, 2188, -1364, 14468, -6016, 95, -296
ACC, 16366205, 2424, -1436, 14448, -5968, 83, -130
ACC, 16366254, 2192, -1424, 14592, -6016, -199, 198
ACC, 16366304, 2252, -1568, 14520, -6000, -253, 593
ACC, 16366358, 1704, -1640, 14748, -5984, -453, 558
ACC, 16366404, 1536, -1664, 14680, -5984, -288, 476
ACC, 16366454, 1768, -1712, 14676, -6000, -20, 113
ACC, 16366503, 1832, -1268, 14956, -5952, 168, 127
ACC, 16366552, 2584, -1080, 14708, -5936, 257, 36
ACC, 16366612, 2560, -1164, 14824, -6000, 373, -369
ACC, 16366747, 1988, -1624, 14436, -5968, -318, 16
GPS, 16290900, 45.801792, 9.095187
ACC, 16366951, 1956, -1804, 14656, -5968, 80, -126
ACC, 16367052, 2132, -1428, 14620, -5984, 242, -327
ACC, 16367074, 2264, -1504, 14592, -5968, 165, -159
ACC, 16367106, 2240, -1436, 14560, -5968, 7, -42
ACC, 16367149, 2220, -1396, 14724, -5968, -219, -104
ACC, 16367200, 2308, -1364, 14592, -5984, -407, -20
ACC, 16367250, 2236, -1560, 14784, -6000, -269, -90
ACC, 16367300, 2232, -1884, 14524, -5984, -67, -103
ACC, 16367350, 2224, -1992, 14660, -5984, -45, -262
ACC, 16367400, 2044, -1816, 14796, -5968, 2, -108
ACC, 16367447, 2204, -1804, 14560, -6000, -15, 99
ACC, 16367495, 2264, -1760, 14316, -6016, -180, 231
ACC, 16367549, 2256, -1948, 14400, -5968, -217, 362
ACC, 16367595, 2216, -1812, 14520, -6000, -246, 531
ACC, 16367744, 2048, -1936, 14552, -5984, -596, 497
GPS, 16291000, 45.801792, 9.095189
ACC, 16367951, 2192, -1792, 14436, -5984, 120, 89
